level_0,index,tourney_name,surface,tourney_date,player_id,age,opponent_id,score,round,ace,df,svpt,1stIn,1stWon,2ndWon,svGms,bpSaved,bpFaced,result,1stIn(%),1stWon(%),2ndWon(%)
36,36,Doha,Hard,20181231,104527,33.7,111797,6-4 7-6(3),R16,5,1,61,30,28,20,11,0,0,1,49,93,67
45,45,Doha,Hard,20181231,104527,33.7,111575,7-6(7) 6-4,R32,7,1,86,49,36,22,11,4,4,1,57,73,61
248,248,Australian Open,Hard,20190114,104527,33.7,105208,3-6 3-1 RET,R128,3,1,43,21,15,11,7,2,4,1,49,71,52
400,400,Rotterdam,Hard,20190211,104527,33.8,105453,6-2 4-6 6-4,SF,8,1,81,48,37,15,14,4,7,1,59,77,47
403,403,Rotterdam,Hard,20190211,104527,33.8,133430,6-4 7-6(4),QF,3,0,64,32,25,19,11,0,2,1,50,78,59
408,408,Rotterdam,Hard,20190211,104527,33.8,105683,6-4 7-6(4),R16,8,1,63,33,30,20,11,1,1,1,52,91,69
419,419,Rotterdam,Hard,20190211,104527,33.8,105332,7-6(4) 6-1,R32,4,1,62,39,28,12,9,1,2,1,63,72,55
526,526,Acapulco,Hard,20190225,104527,33.9,105449,7-6(5) 6-4,R16,9,1,74,41,34,18,11,2,2,1,55,83,56
534,534,Acapulco,Hard,20190225,104527,33.9,105992,6-4 7-6(6),R32,9,1,65,42,37,12,11,0,1,1,65,88,55
657,657,Indian Wells Masters,Hard,20190304,104527,33.9,105916,6-4 6-7(5) 7-5,R64,5,4,142,87,59,23,17,21,25,1,61,68,45
689,689,Indian Wells Masters,Hard,20190304,104527,33.9,105554,6-7(4) 6-3 6-3,R128,8,0,90,53,44,18,15,7,9,1,59,83,49
898,898,Monte Carlo Masters,Clay,20190415,104527,34,106298,7-5 6-3,R64,7,3,59,28,24,19,11,5,6,1,47,86,68
1043,1043,Madrid Masters,Clay,20190506,104527,34.1,105453,6-3 7-6(3),R16,9,1,62,38,31,18,11,1,1,1,61,82,78
1058,1058,Madrid Masters,Clay,20190506,104527,34.1,105550,6-3 6-4,R32,2,2,77,50,37,14,10,5,5,1,65,74,56
1080,1080,Madrid Masters,Clay,20190506,104527,34.1,105732,6-2 6-3,R64,3,2,45,22,16,20,9,0,0,1,49,73,95
1228,1228,Roland Garros,Clay,20190527,104527,34.1,106075,6-1 6-7(7) 6-2 6-3,R128,19,0,112,69,53,30,18,3,3,1,62,77,70
1274,1274,Roland Garros,Clay,20190527,104527,34.1,106426,6-1 6-4 6-0,R64,7,1,77,44,32,21,12,5,5,1,57,73,66
1297,1297,Roland Garros,Clay,20190527,104527,34.1,105777,7-6(5) 7-6(4) 7-6(8),R32,14,4,126,64,49,37,18,2,4,1,51,77,64
1308,1308,Roland Garros,Clay,20190527,104527,34.1,126774,7-6(6) 5-7 6-4 3-6 8-6,R16,16,3,206,128,91,40,29,22,27,1,62,71,53
1429,1429,Queen's Club,Grass,20190617,104527,34.2,105554,6-3 6-4,R32,7,1,55,31,26,17,10,2,2,1,56,84,74
1507,1507,Wimbledon,Grass,20190701,104527,34.2,105074,6-3 6-2 6-2,R128,7,4,73,42,32,24,13,0,0,1,58,76,89
1922,1922,Canada Masters,Hard,20190805,104527,34.3,105777,6-4 6-4,R64,12,2,61,36,31,10,10,1,2,1,59,86,43
1971,1971,Cincinnati Masters,Hard,20190812,104527,34.3,105777,5-7 6-4 7-6(4),R64,10,0,108,55,40,31,17,4,8,1,51,73,58
2039,2039,US Open,Hard,20190826,104527,34.4,206173,6-3 7-6(4) 4-6 6-3,R128,15,6,148,92,66,29,22,10,14,1,62,72,58
2101,2101,US Open,Hard,20190826,104527,34.4,104871,6-4 6-3 6-7(3) 6-3,R64,19,2,118,62,50,40,22,2,2,1,53,81,74
2130,2130,US Open,Hard,20190826,104527,34.4,103893,6-4 7-6(9) 7-6(4),R32,24,3,126,67,54,32,19,11,13,1,53,81,57
2145,2145,US Open,Hard,20190826,104527,34.4,104925,6-4 7-5 2-1 RET,R16,9,3,70,38,32,18,12,4,5,1,54,84,62
2386,2386,Antwerp,Hard,20191014,104527,34.5,206173,6-3 6-2,SF,8,1,46,26,21,13,9,1,2,1,57,81,68
2389,2389,Antwerp,Hard,20191014,104527,34.5,104468,6-3 6-7(6) 6-2,QF,5,3,98,60,43,21,14,2,3,1,61,72,60
2394,2394,Antwerp,Hard,20191014,104527,34.5,103852,6-7(4) 6-4 7-6(4),R16,17,2,105,72,61,22,17,3,3,1,69,85,71
2473,2473,Basel,Hard,20191021,104527,34.5,126207,6-3 3-6 7-5,R16,14,2,83,52,45,17,15,4,5,1,63,87,59
2483,2483,Basel,Hard,20191021,104527,34.5,104655,6-3 6-4,R32,10,0,51,31,28,14,10,0,0,1,61,90,70
2555,2555,Paris Masters,Hard,20191028,104527,34.5,105227,7-6(3) 7-6(5),R32,10,2,91,58,45,17,12,7,8,1,64,78,55
2869,2869,Australian Open,Hard,20180115,104527,32.8,105575,6-3 6-4 2-6 7-6(2),R128,15,5,134,67,48,36,20,5,9,1,50,72,58
3133,3133,Sofia,Hard,20180205,104527,32.8,105373,4-6 6-2 6-3,R16,16,4,85,50,42,17,14,5,6,1,59,84,55
3137,3137,Sofia,Hard,20180205,104527,32.8,104678,6-1 7-6(3),QF,4,3,72,40,30,17,10,1,2,1,56,75,59
4057,4057,Geneva,Clay,20180521,104527,33.1,111577,6-3 6-4,R16,6,2,56,37,30,13,10,0,0,1,66,81,76
4319,4319,Queen's Club,Grass,20180618,104527,33.2,111815,6-2 6-3,R32,13,2,48,29,25,11,9,0,0,1,60,86,65
4421,4421,Wimbledon,Grass,20180702,104527,33.2,105777,1-6 7-6(3) 7-6(5) 6-4,R128,9,2,136,87,71,17,20,10,14,1,64,82,36
4802,4802,Canada Masters,Hard,20180806,104527,33.3,106401,1-6 7-5 7-5,R64,13,4,98,51,40,23,15,4,6,1,52,78,53
4819,4819,Canada Masters,Hard,20180806,104527,33.3,105916,1-6 7-6(2) 7-6(10),R32,4,2,108,70,49,20,15,4,8,1,65,70,56
4839,4839,Cincinnati Masters,Hard,20180813,104527,33.3,106043,6-2 4-6 6-3,R64,6,3,78,47,37,14,13,3,5,1,60,79,50
4862,4862,Cincinnati Masters,Hard,20180813,104527,33.3,105453,6-4 6-4,R32,8,2,52,31,25,13,10,0,1,1,60,81,68
4877,4877,Cincinnati Masters,Hard,20180813,104527,33.3,105916,6-4 6-3,R16,3,1,51,36,31,9,10,0,0,1,71,86,64
4968,4968,US Open,Hard,20180827,104527,33.4,105777,6-3 6-2 7-5,R128,6,3,111,68,46,25,15,7,8,1,61,68,62
5016,5016,US Open,Hard,20180827,104527,33.4,200005,7-6(5) 4-6 6-3 7-5,R64,6,4,136,69,50,38,22,7,11,1,51,72,60
5143,5143,St. Petersburg,Hard,20180917,104527,33.4,105379,7-5 7-6(5),R32,5,5,83,43,31,24,12,4,5,1,52,72,69
5154,5154,St. Petersburg,Hard,20180917,104527,33.4,111575,7-6(10) 7-6(1),R16,6,4,89,44,32,27,12,5,7,1,49,73,66
5161,5161,St. Petersburg,Hard,20180917,104527,33.4,106000,6-3 6-4,QF,6,0,55,38,27,12,10,3,4,1,69,71,71
5264,5264,Tokyo,Hard,20181001,104527,33.5,126203,6-3 6-4,R32,10,2,53,32,31,12,10,2,2,1,60,97,63
6702,6702,Rome Masters,Clay,20220509,104527,37.1,111513,7-6(8) 3-6 6-4,R32,7,4,89,49,39,23,15,1,3,1,55,80,64
6719,6719,Rome Masters,Clay,20220509,104527,37.1,124187,3-6 7-5 6-2,R64,8,2,98,52,36,27,14,8,10,1,53,69,61
6907,6907,Queen's Club,Grass,20220613,104527,37.2,126207,7-6(2) 6-7(6) 7-6(5),R32,22,2,132,76,68,24,18,6,7,1,58,89,44
7784,7784,Doha,Hard,20200106,104527,34.7,105379,6-3 6-4,QF,5,0,58,29,27,16,10,2,2,1,50,93,55
7788,7788,Doha,Hard,20200106,104527,34.7,104871,6-3 6-4,R16,12,1,61,35,27,15,10,6,7,1,57,77,60
7885,7885,Australian Open,Hard,20200120,104527,34.8,106000,7-5 6-7(4) 6-4 6-4,R128,21,1,119,70,57,36,22,2,2,1,59,81,75
7937,7937,Australian Open,Hard,20200120,104527,34.8,104312,4-6 7-5 6-3 3-6 6-4,R64,19,4,138,83,66,29,25,0,5,1,60,80,57
7962,7962,Australian Open,Hard,20200120,104527,34.8,104545,6-4 4-1 RET,R32,8,0,46,21,18,16,8,3,3,1,46,86,64
7975,7975,Australian Open,Hard,20200120,104527,34.8,106421,6-2 2-6 4-6 7-6(2) 6-2,R16,18,1,138,95,72,22,23,5,8,1,69,76,52
8249,8249,Acapulco,Hard,20200224,104527,34.9,124079,6-4 6-4,R16,9,3,53,29,26,8,10,0,2,1,55,90,38
8259,8259,Acapulco,Hard,20200224,104527,34.9,126207,6-3 6-7(4) 7-6(1),R32,35,1,116,72,67,17,17,9,9,1,62,93,40
8663,8663,Roland Garros,Clay,20200928,104527,35.5,104918,6-1 6-3 6-2,R128,9,1,65,30,26,23,12,3,3,1,46,87,68
8707,8707,Roland Garros,Clay,20200928,104527,35.5,136440,6-3 6-2 3-6 6-1,R64,6,1,111,69,51,24,17,5,6,1,62,74,59
8817,8817,St Petersburg,Hard,20201012,104527,35.5,105539,6-1 3-6 6-3,R16,7,2,76,51,40,14,13,5,6,1,67,78,61
8831,8831,St Petersburg,Hard,20201012,104527,35.5,105554,3-6 7-6(3) 7-5,R32,7,0,100,68,48,15,17,3,7,1,68,71,47
8930,8930,Paris Masters,Hard,20201102,104527,35.6,126094,1-6 6-4 6-3,R16,12,2,80,53,36,16,13,3,6,1,66,68,64
8941,8941,Paris Masters,Hard,20201102,104527,35.6,126205,4-6 7-6(3) 6-2,R32,8,3,122,81,54,18,15,11,16,1,66,67,47
8959,8959,Paris Masters,Hard,20201102,104527,35.6,105554,6-3 7-6(3),R64,8,1,67,40,33,18,11,2,2,1,60,82,69
9128,9128,Madrid Masters,Hard,20081012,104527,23.5,104259,3-6 7-5 7-6(5),R32,15,1,96,61,47,24,17,2,4,1,64,77,71
9374,9374,Gstaad,Clay,20080707,104527,23.2,104219,7-6(6) 5-7 7-6(3),R16,13,5,111,68,54,26,18,3,4,1,61,79,68
9380,9380,Gstaad,Clay,20080707,104527,23.2,103084,4-6 6-4 7-6(2),QF,6,6,91,60,44,16,16,2,6,1,66,73,64
10024,10024,Indian Wells Masters,Hard,20080313,104527,22.9,105028,7-5 4-6 6-4,R128,11,3,101,57,37,25,16,4,8,1,56,65,61
10056,10056,Indian Wells Masters,Hard,20080313,104527,22.9,104607,2-6 7-6(3) 6-4,R64,4,4,101,63,45,14,15,5,10,1,62,71,41
10078,10078,Indian Wells Masters,Hard,20080313,104527,22.9,104571,6-3 6-7(1) 6-0,R32,5,3,81,41,33,21,14,1,3,1,51,80,57
10089,10089,Indian Wells Masters,Hard,20080313,104527,22.9,102703,6-1 5-7 6-4,R16,4,0,85,49,39,18,15,2,5,1,58,80,50
10192,10192,Hamburg Masters,Clay,20080511,104527,23.1,103252,6-3 6-3,R64,0,2,68,38,28,15,9,6,7,1,56,74,54
10262,10262,Rome Masters,Clay,20080505,104527,23.1,103498,6-7(5) 6-2 6-1,R64,5,5,90,58,37,13,13,9,13,1,64,64,48
10278,10278,Rome Masters,Clay,20080505,104527,23.1,104918,6-2 7-6(5),R32,1,1,70,51,34,14,10,1,2,1,73,67,78
10286,10286,Rome Masters,Clay,20080505,104527,23.1,103507,6-4 6-3,R16,3,0,48,32,24,12,10,0,1,1,67,75,75
10290,10290,Rome Masters,Clay,20080505,104527,23.1,103484,6-7(5) 7-6(5) 6-1,QF,4,2,99,66,48,20,15,3,6,1,67,73,65
10292,10292,Rome Masters,Clay,20080505,104527,23.1,104053,3-0 RET,SF,1,1,12,7,5,3,2,0,0,1,58,71,75
10369,10369,Canada Masters,Hard,20080721,104527,23.3,104620,6-4 7-6(4),R64,4,1,56,36,28,13,11,0,2,1,64,78,68
10388,10388,Canada Masters,Hard,20080721,104527,23.3,103498,6-3 6-4,R32,0,3,68,47,35,11,10,6,6,1,69,74,61
10538,10538,Barcelona,Clay,20080428,104527,23,104445,6-3 6-3,R64,1,1,51,26,18,15,9,3,5,1,51,69,62
10557,10557,Barcelona,Clay,20080428,104527,23,103393,6-3 6-4,R32,5,2,58,37,31,10,10,2,2,1,64,84,53
10568,10568,Barcelona,Clay,20080428,104527,23,103900,6-3 6-1,R16,1,1,59,32,20,19,8,9,10,1,54,62,73
10573,10573,Barcelona,Clay,20080428,104527,23,103656,6-3 6-7(6) 6-4,QF,2,4,118,64,42,30,16,4,6,1,54,66,60
10730,10730,Doha,Hard,20071231,104527,22.7,103252,6-2 6-2,R32,5,0,46,23,19,12,8,0,1,1,50,83,52
10737,10737,Doha,Hard,20071231,104527,22.7,103294,6-2 7-5,R16,10,1,68,38,29,15,10,3,4,1,56,76,52
10742,10742,Doha,Hard,20071231,104527,22.7,102860,6-3 6-0,QF,4,0,39,23,20,12,8,0,0,1,59,87,75
10744,10744,Doha,Hard,20071231,104527,22.7,103344,7-6(1) 6-4,SF,8,4,58,34,30,17,11,0,0,1,59,88,85
10844,10844,Marseille,Hard,20080211,104527,22.8,103206,3-6 6-4 6-4,R32,5,1,103,65,44,21,15,3,5,1,63,68,57
11001,11001,Roland Garros,Clay,20080525,104527,23.1,104259,6-3 6-4 6-3,R128,7,3,79,52,36,17,14,3,6,1,66,69,71
11061,11061,Roland Garros,Clay,20080525,104527,23.1,105227,7-6(3) 7-6(4) 6-1,R64,3,1,103,62,43,26,16,2,6,1,60,69,65
11174,11174,Wimbledon,Grass,20080623,104527,23.2,103228,6-3 6-2 7-5,R128,9,5,78,45,40,19,15,2,3,1,58,89,68
11226,11226,Wimbledon,Grass,20080623,104527,23.2,105223,7-6(5) 6-3 7-5,R64,14,2,98,58,44,23,16,3,5,1,59,76,61
11252,11252,Wimbledon,Grass,20080623,104527,23.2,104999,7-5 6-1 RET,R32,8,4,69,39,30,17,10,4,4,1,57,77,65
11302,11302,US Open,Hard,20080825,104527,23.4,104620,7-6(5) 6-3 6-3,R128,8,4,110,72,55,20,15,7,8,1,65,76,59
11354,11354,US Open,Hard,20080825,104527,23.4,104639,6-4 7-6(6) 6-2,R64,17,5,108,60,47,25,15,7,9,1,56,78,58
11380,11380,US Open,Hard,20080825,104527,23.4,104262,5-7 6-7(4) 6-4 6-0 6-4,R32,10,2,153,78,56,36,25,8,15,1,51,72,49
11510,11510,Australian Open,Hard,20080114,104527,22.7,103898,6-3 6-3 6-3,R128,14,3,78,45,38,17,14,1,3,1,58,84,57
11838,11838,Beijing Olympics,Hard,20080811,104527,23.3,104433,4-6 6-3 6-2,R64,3,3,73,40,32,21,14,1,3,1,55,80,70
11888,11888,Madrid Masters,Clay,20090510,104527,24.1,104192,6-2 6-0,R64,2,2,38,25,18,9,7,4,5,1,66,72,82
11907,11907,Madrid Masters,Clay,20090510,104527,24.1,104871,6-4 7-5,R32,12,0,63,39,29,17,11,2,3,1,62,74,71
12127,12127,Gstaad,Clay,20090726,104527,24.3,105643,6-4 7-5,R32,4,7,77,45,31,16,11,6,9,1,58,69,64
12257,12257,Basel,Hard,20091102,104527,24.5,103344,6-7(5) 6-3 6-4,R32,15,4,95,57,46,23,16,4,6,1,60,81,68
12267,12267,Basel,Hard,20091102,104527,24.5,103813,7-5 2-6 6-1,R16,10,2,78,47,37,13,14,0,3,1,60,79,45
12284,12284,Tokyo,Hard,20091005,104527,24.5,104545,6-4 6-4,R32,8,2,55,30,29,14,10,1,1,1,55,97,61
12296,12296,Tokyo,Hard,20091005,104527,24.5,103752,6-3 6-2,R16,9,1,47,31,27,10,9,1,1,1,66,87,67
12644,12644,Miami Masters,Hard,20090325,104527,23.9,104312,7-5 7-5,R64,12,3,88,42,31,23,12,10,12,1,48,74,53
12674,12674,Miami Masters,Hard,20090325,104527,23.9,104214,4-6 6-3 6-3,R32,9,4,107,61,47,22,14,8,9,1,57,77,52
12747,12747,Indian Wells Masters,Hard,20090312,104527,23.9,104312,6-1 6-3,R64,6,4,70,34,28,17,8,9,9,1,49,82,53
12773,12773,Indian Wells Masters,Hard,20090312,104527,23.9,105023,2-6 7-5 7-6(8),R32,4,2,105,52,42,31,16,2,4,1,50,81,61
12851,12851,Monte Carlo Masters,Clay,20090412,104527,24,104678,6-2 6-3,R64,0,1,44,25,19,12,9,1,3,1,57,76,67
12868,12868,Monte Carlo Masters,Clay,20090412,104527,24,103506,2-6 7-5 6-2,R32,0,1,92,54,37,18,14,5,9,1,59,69,49
12877,12877,Monte Carlo Masters,Clay,20090412,104527,24,103819,6-4 7-5,R16,0,1,77,48,33,17,11,3,4,1,62,69,61
12881,12881,Monte Carlo Masters,Clay,20090412,104527,24,104676,6-2 6-4,QF,6,4,51,33,27,9,9,3,4,1,65,82,64
12945,12945,Rome Masters,Clay,20090427,104527,24,103857,6-3 6-4,R64,5,4,68,41,28,16,10,5,6,1,60,68,70
12964,12964,Rome Masters,Clay,20090427,104527,24,104022,6-3 7-6(5),R32,1,2,61,36,24,18,10,2,4,1,59,67,78
13064,13064,Canada Masters,Hard,20090810,104527,24.3,103017,6-4 6-1,R64,4,2,41,17,17,15,8,0,0,1,41,100,68
13088,13088,Canada Masters,Hard,20090810,104527,24.3,104979,7-5 6-4,R32,2,2,58,30,25,21,11,1,1,1,52,83,81
13261,13261,Barcelona,Clay,20090420,104527,24,104022,7-5 6-1,R32,6,1,71,45,31,16,10,9,10,1,63,69,64
13639,13639,Shanghai Masters,Hard,20091011,104527,24.5,103997,2-6 7-6(5) 7-6(3),R64,12,1,115,66,49,31,16,5,7,1,57,74,65
13657,13657,Shanghai Masters,Hard,20091011,104527,24.5,104053,3-4 RET,R32,2,2,25,13,9,7,3,2,2,1,52,69,70
13773,13773,Roland Garros,Clay,20090525,104527,24.1,103534,6-3 5-7 2-6 6-4 6-4,R128,6,3,133,94,69,15,24,6,13,1,71,73,42
13831,13831,Roland Garros,Clay,20090525,104527,24.1,103454,6-1 6-1 6-2,R64,11,2,53,33,31,14,11,0,0,1,62,94,78
13940,13940,Wimbledon,Grass,20090622,104527,24.2,104724,7-5 6-4 6-1,R128,11,0,89,54,43,20,14,6,6,1,61,80,57
13994,13994,Wimbledon,Grass,20090622,104527,24.2,103506,6-3 6-2 6-2,R64,10,3,67,38,33,21,13,3,3,1,57,87,81
14020,14020,Wimbledon,Grass,20090622,104527,24.2,105028,5-7 7-5 6-3 6-3,R32,17,4,123,75,62,20,21,2,5,1,61,83,45
14289,14289,Australian Open,Hard,20090119,104527,23.8,104371,6-1 2-6 7-5 7-6(9),R128,4,6,126,74,50,25,20,8,14,1,59,68,54
16332,16332,Australian Open,Hard,20210208,104527,35.8,105155,6-3 6-2 6-4,R128,7,2,74,41,36,21,14,0,0,1,55,88,68
16937,16937,Murray River Open,Hard,20210201,104527,35.8,105062,4-6 6-3 6-1,R32,14,0,84,52,42,15,13,4,5,1,62,81,47
16945,16945,Murray River Open,Hard,20210201,104527,35.8,106109,6-4 4-6 7-6(5),R16,8,3,125,65,46,32,16,9,12,1,52,71,56
23439,23439,Chennai,Hard,20100104,104527,24.7,103523,6-1 6-4,R32,5,3,45,26,22,14,9,0,0,1,58,85,88
23453,23453,Chennai,Hard,20100104,104527,24.7,103188,6-3 6-4,R16,5,4,63,33,24,17,10,2,3,1,52,73,65
23460,23460,Chennai,Hard,20100104,104527,24.7,103582,7-6(5) 6-4,QF,6,2,69,41,33,15,11,4,5,1,59,80,58
23463,23463,Chennai,Hard,20100104,104527,24.7,104534,6-4 2-6 7-5,SF,2,3,88,44,27,27,15,3,6,1,50,61,66
23594,23594,Australian Open,Hard,20100118,104527,24.8,104198,6-3 6-3 6-2,R128,6,4,74,43,36,20,13,3,3,1,58,84,74
23636,23636,Australian Open,Hard,20100118,104527,24.8,103857,6-3 6-2 6-2,R64,12,5,93,49,43,18,13,3,3,1,53,88,46
24176,24176,Miami Masters,Hard,20100324,104527,24.9,104731,6-4 7-5,R64,2,0,64,34,27,18,11,4,5,1,53,79,60
24241,24241,Casablanca,Clay,20100405,104527,25,105373,6-4 0-6 6-4,R16,4,1,80,60,38,11,13,4,8,1,75,63,58
24249,24249,Casablanca,Clay,20100405,104527,25,105149,6-3 6-1,QF,6,0,39,22,19,13,8,0,0,1,56,86,76
24253,24253,Casablanca,Clay,20100405,104527,25,103808,6-4 3-6 6-4,SF,7,3,93,60,42,17,15,6,9,1,65,70,57
24255,24255,Casablanca,Clay,20100405,104527,25,103812,6-2 6-3,F,3,2,57,30,24,13,9,4,5,1,53,80,52
24285,24285,Monte Carlo Masters,Clay,20100411,104527,25,103812,6-2 6-4,R64,11,1,50,33,30,9,9,3,3,1,66,91,56
24308,24308,Monte Carlo Masters,Clay,20100411,104527,25,105208,6-1 6-4,R32,5,1,64,43,32,12,9,3,3,1,67,74,60
24403,24403,Rome Masters,Clay,20100425,104527,25,103781,6-1 6-2,R64,6,0,38,22,19,13,8,0,0,1,58,86,81
24423,24423,Rome Masters,Clay,20100425,104527,25,104607,2-6 6-3 7-6(6),R32,4,3,106,66,43,21,15,7,11,1,62,65,57
24435,24435,Rome Masters,Clay,20100425,104527,25,104417,6-3 6-2,R16,8,2,48,25,23,16,9,2,2,1,52,92,76
24495,24495,Belgrade,Clay,20100503,104527,25,103035,6-1 6-4,R16,6,2,49,20,17,20,9,2,2,1,41,85,74
24500,24500,Belgrade,Clay,20100503,104527,25,104678,7-5 6-7(3) 7-6(6),QF,4,4,127,75,55,32,18,5,5,1,59,73,67
24534,24534,Madrid Masters,Clay,20100509,104527,25.1,104719,6-4 6-4,R64,3,2,70,36,20,15,10,6,10,1,51,56,47
24557,24557,Madrid Masters,Clay,20100509,104527,25.1,104919,6-4 4-2 RET,R32,3,1,42,28,23,7,8,1,2,1,67,82,54
24641,24641,Roland Garros,Clay,20100524,104527,25.1,104225,6-1 6-3 6-3,R128,10,3,66,39,36,18,13,3,3,1,59,92,75
24703,24703,Roland Garros,Clay,20100524,104527,25.1,104676,6-1 6-4 6-4,R64,14,4,78,43,36,23,14,1,1,1,55,84,74
24734,24734,Roland Garros,Clay,20100524,104527,25.1,104926,6-3 6-4 6-1,R32,7,3,79,46,32,20,13,3,4,1,58,70,67
25324,25324,Canada Masters,Hard,20100809,104527,25.3,104433,6-1 6-4,R64,5,2,58,32,28,12,9,3,3,1,55,88,50
25381,25381,Cincinnati Masters,Hard,20100815,104527,25.3,104597,6-3 6-3,R64,8,2,52,28,24,15,9,3,3,1,54,86,68
25499,25499,US Open,Hard,20100830,104527,25.4,105062,6-3 6-2 6-2,R128,10,4,67,40,35,18,13,0,0,1,60,88,78
25553,25553,US Open,Hard,20100830,104527,25.4,103428,7-5 6-3 6-4,R64,13,2,103,47,42,29,16,7,8,1,46,89,54
25580,25580,US Open,Hard,20100830,104527,25.4,104918,6-7(3) 7-6(4) 6-3 6-3,R32,13,5,136,71,56,29,21,5,10,1,52,79,48
25594,25594,US Open,Hard,20100830,104527,25.4,105023,7-6(9) 6-7(5) 7-5 4-6 6-4,R16,18,5,199,103,80,54,28,12,15,1,52,78,59
25774,25774,Shanghai Masters,Hard,20101010,104527,25.5,104468,6-4 6-1,R64,2,3,50,22,17,18,8,2,2,1,44,77,72
25858,25858,Stockholm,Hard,20101018,104527,25.5,104312,6-2 6-2,R32,7,0,48,34,27,5,8,6,7,1,71,79,36
25869,25869,Stockholm,Hard,20101018,104527,25.5,104898,7-5 6-7(6) 6-4,R16,12,2,120,77,58,23,17,10,11,1,64,75,56
25980,25980,Valencia,Hard,20101031,104527,25.5,104312,7-6(2) 7-5,R32,9,1,86,56,42,14,12,6,8,1,65,75,48
26038,26038,Paris Masters,Hard,20101107,104527,25.6,104721,6-3 7-5,R64,9,3,63,38,30,17,11,2,2,1,60,79,77
26054,26054,Paris Masters,Hard,20101107,104527,25.6,103344,6-4 6-4,R32,11,0,53,33,27,14,10,1,1,1,62,82,70
29202,29202,Gstaad,Clay,20050704,104527,20.2,103835,6-1 2-6 6-4,R32,4,5,68,36,27,16,13,5,9,1,53,75,59
29214,29214,Gstaad,Clay,20050704,104527,20.2,104269,3-6 6-4 7-6(8),R16,4,2,95,49,40,24,16,6,9,1,52,82,55
29220,29220,Gstaad,Clay,20050704,104527,20.2,102886,6-4 7-6(5),QF,2,3,75,48,38,12,11,5,6,1,64,79,50
29223,29223,Gstaad,Clay,20050704,104527,20.2,103009,7-6(7) 6-4,SF,7,1,82,54,39,15,11,9,10,1,66,72,56
29706,29706,Paris Masters,Carpet,20051031,104527,20.5,103722,6-3 6-4,R64,5,3,57,32,23,17,10,3,4,1,56,72,77
30019,30019,Rotterdam,Hard,20050214,104527,19.8,103206,7-6(5) 6-2,R32,9,3,68,37,29,15,10,2,3,1,54,78,54
30207,30207,Rome Masters,Clay,20050502,104527,20,104607,6-1 6-4,R64,3,2,61,39,26,13,9,3,4,1,64,67,65
30551,30551,Barcelona,Clay,20050418,104527,20,104198,6-3 6-1,R64,5,2,42,22,20,13,8,0,0,1,52,91,72
30575,30575,Barcelona,Clay,20050418,104527,20,103387,1-6 6-3 7-6(3),R32,2,1,75,43,27,22,14,0,4,1,57,63,71
30589,30589,Barcelona,Clay,20050418,104527,20,104076,6-3 6-4,R16,6,0,55,32,25,17,10,0,0,1,58,78,74
31095,31095,Roland Garros,Clay,20050523,104527,20.1,103454,6-7(4) 6-2 6-2 6-4,R128,17,8,121,61,47,36,19,7,8,1,50,77,69
31128,31128,Roland Garros,Clay,20050523,104527,20.1,103484,6-7(9) 5-7 6-1 6-3 6-4,R64,17,11,165,95,65,36,25,10,15,1,58,68,61
31357,31357,US Open,Hard,20050829,104527,20.4,104330,2-6 6-4 7-6(6) 6-7(2) 7-5,R128,25,6,154,89,72,34,27,3,7,1,58,81,58
31401,31401,US Open,Hard,20050829,104527,20.4,103264,3-6 6-4 6-3 6-7(4) 6-1,R64,24,13,149,89,73,28,24,5,8,1,60,82,60
31917,31917,Chennai,Hard,20110103,104527,25.7,103523,6-4 6-4,R32,8,5,56,35,28,13,10,2,2,1,62,80,81
31931,31931,Chennai,Hard,20110103,104527,25.7,105676,7-6(3) 7-6(3),R16,7,2,86,50,35,21,12,4,6,1,58,70,62
31938,31938,Chennai,Hard,20110103,104527,25.7,104898,3-6 6-3 6-3,QF,7,1,82,56,40,14,14,4,6,1,68,71,56
31941,31941,Chennai,Hard,20110103,104527,25.7,104607,6-4 6-1,SF,7,1,50,33,22,12,8,1,1,1,66,67,75
31943,31943,Chennai,Hard,20110103,104527,25.7,103598,7-5 4-6 6-1,F,5,0,90,54,40,22,15,3,5,1,60,74,61
32081,32081,Australian Open,Hard,20110117,104527,25.8,104559,7-6(3) 6-4 6-4,R128,11,5,111,60,48,27,16,1,2,1,54,80,59
32119,32119,Australian Open,Hard,20110117,104527,25.8,105777,7-5 6-3 6-3,R64,8,0,80,43,33,24,15,5,7,1,54,77,65
32138,32138,Australian Open,Hard,20110117,104527,25.8,104792,7-6(4) 6-2 6-3,R32,11,2,95,60,45,19,14,4,6,1,63,75,58
32147,32147,Australian Open,Hard,20110117,104527,25.8,104053,6-3 6-4 6-4,R16,24,2,79,39,36,26,15,3,3,1,49,92,68
32346,32346,Buenos Aires,Clay,20110214,104527,25.8,104122,6-4 3-6 6-3,R32,2,6,94,54,33,19,14,8,13,1,57,61,56
32354,32354,Buenos Aires,Clay,20110214,104527,25.8,103812,6-7(2) 6-1 7-6(4),R16,5,1,101,64,48,22,16,1,2,1,63,75,61
32358,32358,Buenos Aires,Clay,20110214,104527,25.8,104338,7-5 6-3,QF,5,4,91,56,36,18,11,11,13,1,62,64,58
32424,32424,Acapulco,Clay,20110221,104527,25.9,104665,7-6(5) 3-6 6-0,R32,3,3,98,58,38,22,13,9,13,1,59,66,59
32438,32438,Acapulco,Clay,20110221,104527,25.9,104926,5-7 6-3 7-5,R16,2,3,107,71,41,22,16,5,10,1,66,58,67
32572,32572,Indian Wells Masters,Hard,20110310,104527,25.9,103786,3-6 7-6(5) 6-4,R64,3,4,103,63,43,18,15,7,12,1,61,68,50
32590,32590,Indian Wells Masters,Hard,20110310,104527,25.9,105227,7-5 6-3,R32,3,1,58,38,28,15,11,1,2,1,66,74,79
32599,32599,Indian Wells Masters,Hard,20110310,104527,25.9,104607,3-6 6-4 6-4,R16,8,3,94,51,39,19,15,5,9,1,54,76,48
33025,33025,Rome Masters,Clay,20110508,104527,26.1,104926,6-7(5) 6-2 6-4,R64,9,0,92,63,50,16,15,4,5,1,68,79,55
33042,33042,Rome Masters,Clay,20110508,104527,26.1,103835,6-1 3-6 6-2,R32,4,5,91,66,39,10,12,8,12,1,73,59,50
33152,33152,Roland Garros,Clay,20110522,104527,26.1,104227,4-6 6-3 6-4 6-2,R128,6,4,120,76,55,27,19,7,9,1,63,72,68
33196,33196,Roland Garros,Clay,20110522,104527,26.1,105318,6-3 6-2 6-4,R64,10,3,88,51,39,23,14,3,3,1,58,76,68
33218,33218,Roland Garros,Clay,20110522,104527,26.1,104542,4-6 6-7(3) 7-6(5) 6-2 6-3,R32,7,2,177,113,79,37,26,8,12,1,64,70,60
33408,33408,Wimbledon,Grass,20110620,104527,26.2,103808,6-3 6-4 6-4,R128,11,1,78,47,40,21,15,0,0,1,60,85,70
33693,33693,Gstaad,Clay,20110725,104527,26.3,103429,6-3 7-5,R16,9,4,58,27,22,21,11,1,2,1,47,81,78
33843,33843,Canada Masters,Hard,20110808,104527,26.3,103900,6-1 6-4,R64,8,3,45,21,17,16,9,1,2,1,47,81,76
33862,33862,Canada Masters,Hard,20110808,104527,26.3,103188,6-3 6-2,R32,4,3,61,32,26,17,9,2,2,1,52,81,65
33873,33873,Canada Masters,Hard,20110808,104527,26.3,104731,6-4 4-6 6-4,R16,3,4,82,50,42,17,15,1,2,1,61,84,61
34025,34025,US Open,Hard,20110829,104527,26.4,104216,3-6 6-4 6-1 6-3,R128,10,5,98,53,42,26,18,3,6,1,54,79,65
34303,34303,Shanghai Masters,Hard,20111009,104527,26.5,104338,3-6 6-3 6-3,R64,6,6,89,49,32,18,14,4,9,1,55,65,53
34320,34320,Shanghai Masters,Hard,20111009,104527,26.5,105385,6-7(5) 7-6(2) 6-2,R32,9,6,102,64,48,22,16,6,8,1,63,75,69
34461,34461,Basel,Hard,20111031,104527,26.5,104471,6-4 6-4,R32,6,1,55,32,26,16,10,1,1,1,58,81,73
34470,34470,Basel,Hard,20111031,104527,26.5,104898,4-6 6-1 6-2,R16,8,1,75,42,34,19,13,1,2,1,56,81,59
34474,34474,Basel,Hard,20111031,104527,26.5,104252,6-2 6-2,QF,7,3,41,16,15,17,8,0,0,1,39,94,77
35008,35008,Stuttgart,Clay,20070716,104527,22.2,103084,6-7(5) 6-2 1-0 RET,R32,6,3,66,30,22,24,10,4,5,1,45,73,73
35018,35018,Stuttgart,Clay,20070716,104527,22.2,105227,6-4 6-1,R16,2,4,58,28,22,15,9,1,2,1,48,79,58
35023,35023,Stuttgart,Clay,20070716,104527,22.2,103181,6-1 6-4,QF,8,6,55,29,24,12,9,2,3,1,53,83,60
35025,35025,Stuttgart,Clay,20070716,104527,22.2,103428,6-7(2) 6-4 6-1,SF,8,2,98,63,39,20,14,8,11,1,64,62,61
35033,35033,Basel,Hard,20071022,104527,22.5,103900,7-6(5) 6-2,R32,14,0,62,36,33,15,10,1,1,1,58,92,58
35119,35119,New Haven,Hard,20070819,104527,22.3,104339,7-6(4) 6-4,R64,8,2,73,36,30,25,11,3,3,1,49,83,71
35135,35135,New Haven,Hard,20070819,104527,22.3,104792,7-6(5) 6-4,R32,5,4,92,51,38,19,11,10,11,1,55,75,51
35144,35144,New Haven,Hard,20070819,104527,22.3,103990,6-3 6-3,R16,7,3,56,32,27,13,9,3,3,1,57,84,62
35162,35162,Vienna,Hard,20071007,104527,22.5,102967,4-6 6-3 6-4,R32,8,0,95,57,43,24,15,3,4,1,60,75,63
35173,35173,Vienna,Hard,20071007,104527,22.5,103900,5-7 6-3 6-1,R16,7,6,84,48,33,17,14,5,9,1,57,69,57
35178,35178,Vienna,Hard,20071007,104527,22.5,103852,6-7(8) 6-3 6-4,QF,6,2,104,57,44,30,16,8,9,1,55,77,67
35181,35181,Vienna,Hard,20071007,104527,22.5,103507,7-5 6-1,SF,11,4,73,44,30,15,10,3,5,1,60,68,60
35327,35327,Paris Masters,Hard,20071028,104527,22.5,103017,7-5 6-3,R64,8,0,66,42,33,16,11,3,3,1,64,79,67
35343,35343,Paris Masters,Hard,20071028,104527,22.5,103428,6-3 6-1,R32,3,1,54,33,23,14,8,0,0,1,61,70,70
35922,35922,Canada Masters,Hard,20070805,104527,22.3,102703,6-3 3-6 6-1,R64,11,4,80,38,32,22,13,4,5,1,48,84,58
36577,36577,Roland Garros,Clay,20070528,104527,22.1,103105,0-6 5-7 6-2 7-5 6-4,R128,11,4,140,76,53,30,24,1,8,1,54,70,50
36896,36896,US Open,Hard,20070827,104527,22.4,105095,4-6 6-3 4-6 6-4 7-5,R128,15,7,154,73,57,36,26,8,16,1,47,78,49
36934,36934,US Open,Hard,20070827,104527,22.4,103498,6-3 6-3 6-3,R64,13,0,82,44,35,28,14,4,4,1,54,80,74
36953,36953,US Open,Hard,20070827,104527,22.4,104068,5-7 6-4 4-6 6-4 6-3,R32,16,4,150,85,69,30,25,4,7,1,57,81,49
37094,37094,Australian Open,Hard,20070115,104527,21.8,103240,6-1 2-6 6-4 6-2,R128,14,4,114,73,48,22,17,10,14,1,64,66,59
37128,37128,Australian Open,Hard,20070115,104527,21.8,104154,6-4 6-3 6-2,R64,21,2,80,52,44,14,14,1,2,1,65,85,54
37421,37421,Chennai,Hard,20121231,104527,27.7,105649,6-4 6-3,R16,7,0,52,36,29,12,10,0,0,1,69,81,75
37522,37522,Australian Open,Hard,20130114,104527,27.8,105649,6-2 6-4 6-3,R128,3,1,82,52,39,21,14,2,2,1,63,75,72
37582,37582,Australian Open,Hard,20130114,104527,27.8,104735,6-3 7-6(4) RET,R64,11,5,83,44,33,18,11,5,7,1,53,75,53
37612,37612,Australian Open,Hard,20130114,104527,27.8,105023,7-6(6) 7-5 6-4,R32,13,5,105,56,47,28,17,3,4,1,53,84,64
37818,37818,Buenos Aires,Clay,20130218,104527,27.8,103893,6-3 6-3,R32,2,1,59,38,31,10,9,5,5,1,64,82,50
37828,37828,Buenos Aires,Clay,20130218,104527,27.8,104593,6-1 6-4,R16,2,0,52,30,22,15,9,2,3,1,58,73,68
37833,37833,Buenos Aires,Clay,20130218,104527,27.8,105077,7-6(4) 6-4,QF,3,3,72,42,29,16,11,3,6,1,58,69,59
37836,37836,Buenos Aires,Clay,20130218,104527,27.8,104597,6-3 7-5,SF,4,0,65,50,39,12,11,4,4,1,77,78,80
38048,38048,Indian Wells Masters,Hard,20130307,104527,27.9,104639,3-6 6-2 6-1,R64,9,1,63,44,35,11,12,2,3,1,70,80,61
38064,38064,Indian Wells Masters,Hard,20130307,104527,27.9,103720,6-4 7-5,R32,5,4,58,30,23,19,11,3,4,1,52,77,79
38186,38186,Casablanca,Clay,20130408,104527,28,104882,4-6 6-2 6-1,R16,7,4,76,51,35,13,13,0,2,1,67,69,62
38194,38194,Casablanca,Clay,20130408,104527,28,104198,6-1 6-2,QF,5,2,52,25,19,17,8,1,1,1,48,76,68
38249,38249,Monte Carlo Masters,Clay,20130414,104527,28,104797,6-3 7-5,R64,3,0,56,35,28,9,10,3,5,1,62,80,43
38266,38266,Monte Carlo Masters,Clay,20130414,104527,28,103656,6-1 6-1,R32,2,0,44,30,19,12,7,1,1,1,68,63,86
38275,38275,Monte Carlo Masters,Clay,20130414,104527,28,104918,6-1 6-2,R16,5,0,40,26,21,9,7,2,2,1,65,81,64
38375,38375,Estoril,Clay,20130429,104527,28,105077,1-6 6-3 6-4,R16,4,3,76,43,34,17,13,4,6,1,57,79,57
38379,38379,Estoril,Clay,20130429,104527,28,105671,6-4 6-4,QF,2,1,52,35,25,14,10,0,1,1,67,71,88
38381,38381,Estoril,Clay,20130429,104527,28,105807,6-3 3-6 6-1,SF,10,1,80,57,41,14,13,2,3,1,71,72,64
38382,38382,Estoril,Clay,20130429,104527,28,103970,6-1 6-4,F,2,1,42,27,24,12,9,0,0,1,64,89,86
38412,38412,Madrid Masters,Clay,20130505,104527,28.1,105657,6-4 6-4,R64,6,0,47,36,32,8,10,0,0,1,77,89,73
38435,38435,Madrid Masters,Clay,20130505,104527,28.1,105053,6-3 6-3,R32,4,3,48,31,27,9,9,4,5,1,65,87,64
38450,38450,Madrid Masters,Clay,20130505,104527,28.1,105777,3-6 6-4 6-1,R16,3,3,87,62,42,14,13,2,4,1,71,68,64
38458,38458,Madrid Masters,Clay,20130505,104527,28.1,104542,6-2 6-7(9) 6-4,QF,1,1,103,75,53,13,15,3,5,1,73,71,48
38462,38462,Madrid Masters,Clay,20130505,104527,28.1,104607,6-3 4-6 6-4,SF,5,4,88,46,33,23,14,6,8,1,52,72,61
38467,38467,Rome Masters,Clay,20130512,104527,28.1,104122,5-7 6-3 6-3,R64,2,2,91,59,41,14,15,4,8,1,65,69,47
38595,38595,Roland Garros,Clay,20130527,104527,28.1,105217,7-5 6-3 6-7(1) 7-5,R128,9,3,138,95,74,24,23,3,4,1,69,78,60
38646,38646,Roland Garros,Clay,20130527,104527,28.1,104547,6-2 7-6(2) 6-4,R64,19,6,98,65,52,18,15,8,8,1,66,80,67
38672,38672,Roland Garros,Clay,20130527,104527,28.1,105668,6-3 6-7(2) 6-3 6-3,R32,9,2,120,70,54,31,20,4,5,1,58,77,65
38685,38685,Roland Garros,Clay,20130527,104527,28.1,104755,6-7(5) 4-6 6-4 7-5 8-6,R16,13,6,175,111,81,41,29,9,11,1,63,73,71
38793,38793,s Hertogenbosch,Grass,20130616,104527,28.2,104327,7-6(5) 6-4,R32,10,3,82,49,37,18,11,7,8,1,60,76,60
38801,38801,s Hertogenbosch,Grass,20130616,104527,28.2,103893,6-3 7-6(8),R16,7,1,66,41,31,17,11,0,1,1,62,76,71
38805,38805,s Hertogenbosch,Grass,20130616,104527,28.2,104871,6-4 7-6(2),QF,7,0,62,38,30,16,11,1,2,1,61,79,67
38807,38807,s Hertogenbosch,Grass,20130616,104527,28.2,104198,6-1 6-4,SF,6,1,69,43,34,11,9,10,10,1,62,79,44
39166,39166,Gstaad,Clay,20130722,104527,28.3,104593,7-5 7-6(4),R16,12,2,68,48,38,12,12,2,4,1,71,79,67
39350,39350,Cincinnati Masters,Hard,20130811,104527,28.3,104312,6-3 6-4,R64,8,3,52,32,29,12,10,0,0,1,62,91,71
39456,39456,US Open,Hard,20130826,104527,28.4,103285,7-6(2) 6-3 6-2,R128,7,2,94,49,33,26,15,4,7,1,52,67,60
39508,39508,US Open,Hard,20130826,104527,28.4,103333,7-5 7-6(8) 6-4,R64,8,5,101,61,51,25,17,1,2,1,60,84,71
39534,39534,US Open,Hard,20130826,104527,28.4,104571,6-3 6-2 6-7(1) 7-6(7),R32,11,5,131,68,55,37,21,7,9,1,52,81,64
39547,39547,US Open,Hard,20130826,104527,28.4,104607,3-6 6-1 7-6(6) 6-2,R16,15,6,122,71,56,26,18,3,6,1,58,79,58
39553,39553,US Open,Hard,20130826,104527,28.4,104918,6-4 6-3 6-2,QF,4,4,76,42,37,20,14,0,0,1,55,88,67
39663,39663,Kuala Lumpur,Hard,20130923,104527,28.4,104571,6-1 7-5,R16,6,3,55,27,23,19,10,0,0,1,49,85,76
39667,39667,Kuala Lumpur,Hard,20130923,104527,28.4,104098,2-6 6-3 7-6(3),QF,12,3,103,63,45,22,15,5,7,1,61,71,59
39674,39674,Beijing,Hard,20130930,104527,28.5,104312,4-6 6-3 6-4,R32,10,3,88,49,44,17,15,3,5,1,56,90,47
39768,39768,Shanghai Masters,Hard,20131007,104527,28.5,104731,6-4 3-6 7-6(5),R32,14,1,82,43,35,26,15,1,3,1,52,81,68
39777,39777,Shanghai Masters,Hard,20131007,104527,28.5,105683,7-6(2) 6-4,R16,10,0,62,38,32,18,11,0,0,1,61,84,75
39956,39956,Paris Masters,Hard,20131028,104527,28.5,103852,6-3 3-6 6-3,R32,19,4,71,34,31,24,14,2,3,1,48,91,73
39966,39966,Paris Masters,Hard,20131028,104527,28.5,104597,6-3 6-2,R16,9,3,57,26,19,19,9,1,2,1,46,73,68
39981,39981,Tour Finals,Hard,20131104,104527,28.6,104607,6-3 6-7(0) 6-3,RR,11,1,99,54,41,30,16,5,5,1,55,76,68
39986,39986,Tour Finals,Hard,20131104,104527,28.6,103970,6-7(3) 6-4 6-1,RR,14,2,102,58,41,21,14,6,8,1,57,71,50
40034,40034,Chennai,Hard,20120102,104527,26.7,104273,3-6 6-3 7-5,R16,10,1,82,52,35,19,15,2,6,1,63,67,66
40181,40181,Australian Open,Hard,20120116,104527,26.8,105332,6-1 6-1 7-5,R128,1,3,98,59,41,24,13,10,11,1,60,69,67
40218,40218,Australian Open,Hard,20120116,104527,26.8,104571,7-6(3) 6-4 5-7 6-1,R64,4,4,132,70,49,31,20,7,12,1,53,70,53
40432,40432,Buenos Aires,Clay,20120220,104527,26.8,104547,6-3 6-4,R32,4,1,61,42,31,11,10,6,7,1,69,74,61
40444,40444,Buenos Aires,Clay,20120220,104527,26.8,105332,6-3 5-7 6-2,R16,4,2,90,64,45,13,15,4,7,1,71,70,54
40450,40450,Buenos Aires,Clay,20120220,104527,26.8,105453,6-4 6-2,QF,4,1,61,40,28,15,9,3,3,1,66,70,75
40522,40522,Acapulco,Clay,20120227,104527,26.9,103507,2-6 6-3 6-4,R32,10,3,94,62,42,14,14,7,11,1,66,68,48
40533,40533,Acapulco,Clay,20120227,104527,26.9,105077,6-3 3-6 6-3,R16,6,4,111,66,46,21,14,11,13,1,59,70,51
40539,40539,Acapulco,Clay,20120227,104527,26.9,104871,7-5 6-1,QF,11,3,61,38,29,14,10,1,1,1,62,76,70
40647,40647,Indian Wells Masters,Hard,20120308,104527,26.9,104068,4-6 6-4 6-4,R64,8,3,86,46,35,26,15,2,4,1,53,76,70
40866,40866,Monte Carlo Masters,Clay,20120415,104527,27,103852,6-1 6-4,R64,14,3,48,30,26,11,9,1,1,1,62,87,73
40883,40883,Monte Carlo Masters,Clay,20120415,104527,27,104665,7-5 6-3,R32,7,2,64,30,22,21,11,5,7,1,47,73,66
40892,40892,Monte Carlo Masters,Clay,20120415,104527,27,104597,6-3 6-3,R16,2,2,61,27,19,21,9,3,4,1,44,70,66
41024,41024,Estoril,Clay,20120430,104527,27,103868,7-6(5) 6-1,R16,6,5,68,46,34,12,10,3,4,1,68,74,71
41031,41031,Estoril,Clay,20120430,104527,27,104898,6-1 6-4,QF,5,2,55,27,21,17,9,5,6,1,49,78,65
41065,41065,Madrid Masters,Clay,20120506,104527,27.1,103694,6-4 7-6(3),R64,14,1,62,41,36,11,11,0,1,1,66,88,55
41089,41089,Madrid Masters,Clay,20120506,104527,27.1,103781,6-1 6-4,R32,5,1,47,25,21,17,9,1,1,1,53,84,81
41130,41130,Rome Masters,Clay,20120513,104527,27.1,104898,6-1 4-6 7-5,R64,4,2,114,67,46,24,15,10,12,1,59,69,53
41150,41150,Rome Masters,Clay,20120513,104527,27.1,104386,6-3 6-1,R32,3,1,58,35,20,14,8,3,5,1,60,57,64
41238,41238,Roland Garros,Clay,20120527,104527,27.1,104262,6-3 6-3 4-6 3-6 6-2,R128,4,4,132,81,58,24,23,3,9,1,61,72,51
41296,41296,Roland Garros,Clay,20120527,104527,27.1,104665,7-6(3) 6-7(4) 6-2 6-1,R64,7,5,132,72,61,30,20,3,4,1,55,85,55
41325,41325,Roland Garros,Clay,20120527,104527,27.1,104468,7-5 6-7(5) 6-7(3) 6-3 6-2,R32,9,1,182,108,78,37,27,6,11,1,59,72,51
42017,42017,Cincinnati Masters,Hard,20120812,104527,27.3,103908,6-2 3-6 6-1,R64,8,3,81,38,25,27,12,8,10,1,47,66,68
42039,42039,Cincinnati Masters,Hard,20120812,104527,27.3,103970,6-4 6-1,R32,9,1,42,27,25,9,8,2,2,1,64,93,64
42053,42053,Cincinnati Masters,Hard,20120812,104527,27.3,105453,6-3 6-3,R16,9,1,50,26,24,13,9,1,2,1,52,92,57
42060,42060,Cincinnati Masters,Hard,20120812,104527,27.3,105683,2-6 7-6(5) 6-4,QF,8,2,100,51,38,28,15,4,6,1,51,75,60
42172,42172,US Open,Hard,20120827,104527,27.4,104660,6-7(6) 7-6(2) 6-4 6-2,R128,12,5,135,62,49,46,21,5,7,1,46,79,68
42206,42206,US Open,Hard,20120827,104527,27.4,104327,6-7(6) 6-3 4-6 6-1 7-5,R64,27,6,147,64,56,50,25,7,9,1,44,88,65
42223,42223,US Open,Hard,20120827,104527,27.4,105238,6-4 6-4 6-2,R32,14,0,73,42,36,22,14,0,0,1,58,86,71
42384,42384,Tokyo,Hard,20121001,104527,27.5,105655,7-5 4-6 6-4,R32,10,5,101,48,37,28,16,3,5,1,48,77,58
42398,42398,Tokyo,Hard,20121001,104527,27.5,104871,7-6(1) 6-7(6) 7-5,R16,19,1,107,59,55,25,18,3,4,1,55,93,53
42414,42414,Shanghai Masters,Hard,20121007,104527,27.5,105077,7-6(1) 7-6(5),R64,5,2,84,43,34,20,12,2,4,1,51,79,51
42437,42437,Shanghai Masters,Hard,20121007,104527,27.5,104797,6-4 4-6 6-4,R32,9,3,94,53,41,21,15,5,7,1,56,77,55
42635,42635,Paris Masters,Hard,20121029,104527,27.5,104122,6-3 6-2,R32,6,2,50,27,20,16,8,3,3,1,54,74,76
42762,42762,Zagreb,Carpet,20060130,104527,20.8,103970,4-6 6-1 6-3,R32,6,3,101,53,36,22,13,7,10,1,52,68,49
42783,42783,Auckland,Hard,20060109,104527,20.7,102720,6-3 6-4,R32,8,2,67,42,33,12,10,1,2,1,63,79,52
42796,42796,Auckland,Hard,20060109,104527,20.7,103252,6-2 6-2,R16,5,3,41,20,19,10,8,1,2,1,49,95,56
42803,42803,Auckland,Hard,20060109,104527,20.7,104252,6-3 6-4,QF,4,7,54,26,23,17,10,0,0,1,48,88,81
43104,43104,Stuttgart,Clay,20060717,104527,21.3,104160,6-7(1) 6-3 6-4,R64,4,4,111,72,45,23,15,7,9,1,65,62,66
43120,43120,Stuttgart,Clay,20060717,104527,21.3,103451,6-7(3) 6-2 6-3,R32,5,5,84,53,41,13,14,0,2,1,63,77,50
43184,43184,Basel,Carpet,20061023,104527,21.5,102860,7-6(6) 6-2,R32,7,0,55,27,23,19,10,0,1,1,49,85,68
43194,43194,Basel,Carpet,20061023,104527,21.5,102450,2-6 7-6(4) 6-4,R16,9,2,92,57,40,22,15,3,6,1,62,70,67
43199,43199,Basel,Carpet,20061023,104527,21.5,103900,7-6(7) 6-2,QF,13,1,60,31,28,18,10,0,0,1,52,90,64
43264,43264,New Haven,Hard,20060821,104527,21.3,104597,6-3 6-7(5) 6-4,R64,12,4,100,60,44,28,16,2,3,1,60,73,78
43299,43299,Vienna,Hard,20061009,104527,21.5,105227,6-4 6-1,R32,4,1,67,41,31,11,9,4,5,1,61,76,44
43314,43314,Vienna,Hard,20061009,104527,21.5,104925,6-3 6-3,R16,7,1,50,28,23,14,9,2,2,1,56,82,67
43464,43464,Paris Masters,Carpet,20061030,104527,21.5,102967,7-6(6) 6-7(4) 7-6(2),R64,21,4,115,62,56,30,18,1,1,1,54,90,61
43618,43618,Miami Masters,Hard,20060320,104527,20.9,104918,7-5 3-6 6-4,R128,1,8,105,65,41,16,16,5,11,1,62,63,50
43685,43685,Indian Wells Masters,Hard,20060306,104527,20.9,102257,6-2 6-4,R128,4,2,58,38,26,11,9,2,3,1,66,68,61
44165,44165,Cincinnati Masters,Hard,20060814,104527,21.3,104076,5-7 6-4 6-1,R64,8,5,76,40,35,20,15,2,4,1,53,88,65
44192,44192,Cincinnati Masters,Hard,20060814,104527,21.3,103900,6-4 6-2,R32,4,3,57,24,19,21,9,4,4,1,42,79,70
44299,44299,Barcelona,Clay,20060424,104527,21,102839,6-2 6-7(3) 6-3,R64,5,5,97,56,40,24,15,7,9,1,58,71,67
44317,44317,Barcelona,Clay,20060424,104527,21,104559,6-4 6-7(4) 6-4,R32,8,3,88,48,35,26,16,0,3,1,55,73,70
44326,44326,Barcelona,Clay,20060424,104527,21,103970,2-6 6-2 6-1,R16,4,1,78,43,25,16,11,9,13,1,55,58,47
44331,44331,Barcelona,Clay,20060424,104527,21,103333,4-6 6-3 6-4,QF,7,1,94,57,43,20,15,4,5,1,61,75,56
44435,44435,Umag,Clay,20060724,104527,21.3,103252,7-6(3) 6-4,R32,3,3,80,42,29,21,11,2,4,1,52,69,60
44447,44447,Umag,Clay,20060724,104527,21.3,105227,6-4 2-6 6-4,R16,5,5,95,65,43,12,14,11,15,1,68,66,48
44453,44453,Umag,Clay,20060724,104527,21.3,105223,6-1 2-6 6-4,QF,2,1,81,46,31,19,13,4,7,1,57,67,56
44456,44456,Umag,Clay,20060724,104527,21.3,103835,7-5 2-6 6-4,SF,4,2,81,42,27,14,15,3,10,1,52,64,38
44457,44457,Umag,Clay,20060724,104527,21.3,104925,6-6(1) RET,F,0,1,45,26,17,9,6,3,5,1,58,65,50
44937,44937,Wimbledon,Grass,20060626,104527,21.2,103333,7-6(5) 3-6 6-2 6-7(8) 11-9,R128,16,9,169,90,76,56,30,3,4,1,53,84,80
44994,44994,Wimbledon,Grass,20060626,104527,21.2,102860,7-6(5) 7-5 6-3,R64,5,8,123,72,52,26,16,9,12,1,59,72,60
45102,45102,US Open,Hard,20060828,104527,21.4,103428,6-7(3) 6-4 6-4 6-4,R128,13,7,143,77,58,37,21,7,9,1,54,75,63
45140,45140,US Open,Hard,20060828,104527,21.4,104417,6-7(4) 2-6 7-6(4) 6-0 6-1,R64,23,4,163,100,77,34,23,9,11,1,61,77,58
45283,45283,Australian Open,Hard,20060116,104527,20.8,103656,4-6 6-2 6-3 6-0,R128,10,6,101,54,46,24,17,1,2,1,53,85,59
48463,48463,Chennai,Hard,20160104,104527,30.7,126094,6-3 6-2,R16,6,1,44,28,23,13,9,0,0,1,64,82,87
48467,48467,Chennai,Hard,20160104,104527,30.7,104198,6-4 6-4,QF,14,0,51,38,31,8,10,0,1,1,75,82,62
48469,48469,Chennai,Hard,20160104,104527,30.7,105332,6-3 6-4,SF,6,1,61,37,26,17,10,1,1,1,61,70,74
48470,48470,Chennai,Hard,20160104,104527,30.7,106432,6-3 7-5,F,15,3,69,38,34,18,11,5,5,1,55,89,64
48603,48603,Australian Open,Hard,20160118,104527,30.8,104098,7-6 6-3,R128,14,0,60,37,33,15,11,1,1,1,62,89,65
48643,48643,Australian Open,Hard,20160118,104527,30.8,103285,6-2 6-3 6-4,R64,15,4,107,60,44,25,14,10,11,1,56,73,58
48663,48663,Australian Open,Hard,20160118,104527,30.8,104586,6-2 6-3 7-6,R32,18,3,93,54,43,23,15,2,3,1,58,80,64
48897,48897,Marseille,Hard,20160215,104527,30.8,104660,6-4 4-6 7-6(8),R16,7,3,97,56,42,27,16,3,5,1,58,75,71
48966,48966,Dubai,Hard,20160222,104527,30.9,104660,5-7 6-3 7-5,R32,5,5,102,55,37,30,17,5,8,1,54,67,71
48982,48982,Dubai,Hard,20160222,104527,30.9,105015,7-5 6-1,R16,2,4,82,42,31,22,10,4,4,1,51,74,61
48990,48990,Dubai,Hard,20160222,104527,30.9,104259,7-5 6-1,QF,7,5,66,37,29,12,10,5,7,1,56,78,50
48994,48994,Dubai,Hard,20160222,104527,30.9,106401,6-4 3-0 RET,SF,9,2,37,18,14,8,6,3,5,1,49,78,47
48996,48996,Dubai,Hard,20160222,104527,30.9,104571,6-4 7-6(13),F,2,4,76,48,37,17,11,1,2,1,63,77,71
49182,49182,Indian Wells Masters,Hard,20160307,104527,30.9,105011,6-3 6-2,R64,2,0,50,30,23,14,9,0,0,1,60,77,70
49205,49205,Indian Wells Masters,Hard,20160307,104527,30.9,105723,6-4 7-6(5),R32,3,2,75,38,27,25,11,3,4,1,51,71,71
49411,49411,Monte Carlo Masters,Clay,20160411,104527,31,104259,7-6(2) 7-5,R32,2,2,70,39,33,16,12,3,5,1,56,85,55
49425,49425,Monte Carlo Masters,Clay,20160411,104527,31,104468,6-1 6-2,R16,2,0,58,30,19,15,8,7,8,1,52,63,54
49676,49676,Rome Masters,Clay,20160509,104527,31.1,105332,5-7 6-2 6-1,R32,4,4,74,45,36,17,14,2,4,1,61,80,68
49721,49721,Geneva,Clay,20160516,104527,31.1,105077,6-1 6-1,R16,5,1,45,30,24,9,7,1,1,1,67,80,64
49725,49725,Geneva,Clay,20160516,104527,31.1,105807,6-3 6-1,QF,2,0,39,22,19,13,8,0,0,1,56,86,76
49727,49727,Geneva,Clay,20160516,104527,31.1,104586,6-2 4-6 6-3,SF,5,1,71,42,35,19,14,0,1,1,59,83,68
49728,49728,Geneva,Clay,20160516,104527,31.1,105227,6-4 7-6(11),F,5,2,79,47,34,19,11,2,3,1,59,72,63
49803,49803,Roland Garros,Clay,20160523,104527,31.1,104586,4-6 6-1 3-6 6-3 6-4,R128,9,4,142,90,70,28,23,8,10,1,63,78,58
49843,49843,Roland Garros,Clay,20160523,104527,31.1,106121,7-6(7) 6-3 6-4,R64,12,1,93,59,48,21,16,2,3,1,63,81,64
49862,49862,Roland Garros,Clay,20160523,104527,31.1,104871,6-4 6-3 7-5,R32,4,2,80,48,36,24,16,2,4,1,60,75,80
49872,49872,Roland Garros,Clay,20160523,104527,31.1,104678,7-6(5) 6-7(7) 6-3 6-2,R16,19,4,140,84,60,34,21,3,5,1,60,71,65
49877,49877,Roland Garros,Clay,20160523,104527,31.1,105077,6-2 6-1 7-6(7),QF,8,3,89,46,36,29,14,3,4,1,52,78,72
50089,50089,Wimbledon,Grass,20160627,104527,31.2,126203,7-6(4) 6-1 6-7(2) 6-4,R128,6,1,114,62,50,36,21,2,3,1,54,81,71
50477,50477,Canada Masters,Hard,20160725,104527,31.3,104022,7-6(3) 7-6(8),R32,5,2,85,43,35,24,12,4,6,1,51,81,60
50493,50493,Canada Masters,Hard,20160725,104527,31.3,106058,7-6(3) 6-2,R16,4,2,71,37,26,24,10,3,3,1,52,70,75
50501,50501,Canada Masters,Hard,20160725,104527,31.3,104731,6-1 6-3,QF,2,3,46,28,23,10,8,2,2,1,61,82,67
50649,50649,Cincinnati Masters,Hard,20160815,104527,31.3,111577,2-6 6-3 6-4,R32,7,2,89,52,36,20,14,5,8,1,58,69,57
50772,50772,US Open,Hard,20160829,104527,31.4,104269,7-6(4) 6-4 6-4,R128,7,4,100,49,38,33,16,4,4,1,49,78,70
50811,50811,US Open,Hard,20160829,104527,31.4,105561,6-1 7-6(4) 7-5,R64,5,5,124,64,52,33,16,10,11,1,52,81,60
50831,50831,US Open,Hard,20160829,104527,31.4,105554,4-6 6-3 6-7(6) 7-6(8) 6-2,R32,12,7,166,101,79,34,26,5,8,1,61,78,59
50841,50841,US Open,Hard,20160829,104527,31.4,105011,6-4 6-1 6-7(5) 6-3,R16,8,0,135,82,60,30,19,7,10,1,61,73,57
50846,50846,US Open,Hard,20160829,104527,31.4,105223,7-6(5) 4-6 6-3 6-2,QF,10,0,118,67,51,33,20,4,6,1,57,76,65
50849,50849,US Open,Hard,20160829,104527,31.4,105453,4-6 7-5 6-4 6-2,SF,10,8,116,72,55,22,20,11,15,1,62,76,61
50850,50850,US Open,Hard,20160829,104527,31.4,104925,6-7(1) 6-4 7-5 6-3,F,9,3,164,92,65,37,22,14,17,1,56,71,54
50949,50949,St. Petersburg,Hard,20160919,104527,31.4,104586,6-3 6-1,R16,8,1,42,25,24,9,8,3,3,1,60,96,56
50953,50953,St. Petersburg,Hard,20160919,104527,31.4,104678,7-5 6-2,QF,6,3,63,50,39,6,10,2,2,1,79,78,60
50955,50955,St. Petersburg,Hard,20160919,104527,31.4,105138,7-6(8) 6-2,SF,7,3,77,45,35,19,10,3,3,1,58,78,66
51099,51099,Shanghai Masters,Hard,20161010,104527,31.5,106378,6-3 6-4,R32,2,0,51,35,28,12,10,3,4,1,69,80,75
51222,51222,Basel,Hard,20161024,104527,31.5,103843,6-7(1) 6-1 6-4,R32,16,3,112,68,50,23,15,4,5,1,61,74,56
51230,51230,Basel,Hard,20161024,104527,31.5,105385,7-6(4) 6-7(3) 6-4,R16,16,1,101,64,51,23,17,4,5,1,63,80,64
51321,51321,Tour Finals,Hard,20161114,104527,31.6,105227,7-6(3) 7-6(3),RR,7,0,77,47,37,21,12,4,5,1,61,79,70
51345,51345,Brisbane,Hard,20170102,104527,31.7,104678,7-6(5) 6-4,R16,7,2,64,41,33,15,11,0,1,1,64,80,71
51353,51353,Brisbane,Hard,20170102,104527,31.7,106378,6-7(2) 6-4 6-4,QF,11,3,119,67,47,28,16,11,13,1,56,70,57
51483,51483,Australian Open,Hard,20170116,104527,31.8,105373,4-6 6-4 7-5 4-6 6-4,R128,21,6,160,102,78,27,26,11,16,1,64,76,52
51539,51539,Australian Open,Hard,20170116,104527,31.8,105449,6-3 6-4 6-4,R64,11,4,88,54,47,19,15,5,5,1,61,87,63
51567,51567,Australian Open,Hard,20170116,104527,31.8,104678,3-6 6-2 6-2 7-6(7),R32,16,4,117,71,52,24,19,4,9,1,61,73,57
51581,51581,Australian Open,Hard,20170116,104527,31.8,104312,7-6(2) 7-6(4) 7-6(4),R16,17,2,117,66,53,34,18,2,4,1,56,80,69
51588,51588,Australian Open,Hard,20170116,104527,31.8,104542,7-6(2) 6-4 6-3,QF,4,2,107,58,41,32,16,5,6,1,54,71,68
52107,52107,Indian Wells Masters,Hard,20170306,104527,31.9,103893,6-3 6-4,R64,9,3,59,33,29,15,10,2,2,1,56,88,65
52127,52127,Indian Wells Masters,Hard,20170306,104527,31.9,104259,7-5 6-3,R32,7,1,59,34,26,18,11,0,0,1,58,76,75
52136,52136,Indian Wells Masters,Hard,20170306,104527,31.9,106415,3-6 6-3 7-6(4),R16,1,4,101,60,40,19,15,6,11,1,59,67,51
52140,52140,Indian Wells Masters,Hard,20170306,104527,31.9,106233,6-4 4-6 7-6(2),QF,8,2,115,78,52,20,16,8,11,1,68,67,57
52143,52143,Indian Wells Masters,Hard,20170306,104527,31.9,105807,6-3 6-2,SF,4,0,46,25,20,16,9,0,0,1,54,80,76
52208,52208,Miami Masters,Hard,20170320,104527,31.9,104547,6-3 6-4,R64,8,2,54,26,24,17,10,2,2,1,48,92,65
52223,52223,Miami Masters,Hard,20170320,104527,31.9,104291,6-3 6-4,R32,7,3,70,45,37,11,10,6,6,1,64,82,50
52397,52397,Monte Carlo Masters,Clay,20170417,104527,32,106210,6-2 4-6 6-2,R32,3,1,63,42,32,14,13,0,2,1,67,76,70
52658,52658,Rome Masters,Clay,20170515,104527,32.1,105332,6-3 1-6 6-3,R32,2,0,77,46,31,18,13,2,4,1,60,67,58
52697,52697,Geneva,Clay,20170522,104527,32.1,104297,5-2 RET,R16,3,0,23,11,9,8,4,2,2,1,48,82,67
52701,52701,Geneva,Clay,20170522,104527,32.1,105023,4-6 7-5 6-2,QF,8,4,86,47,38,20,15,3,5,1,55,81,57
52703,52703,Geneva,Clay,20170522,104527,32.1,105723,6-3 7-6(4),SF,9,0,77,34,27,29,11,6,6,1,44,79,67
52704,52704,Geneva,Clay,20170522,104527,32.1,104999,4-6 6-3 6-3,F,3,2,81,55,41,11,14,5,8,1,68,75,46
52748,52748,Roland Garros,Clay,20170529,104527,32.1,106075,6-2 7-6(6) 6-3,R128,2,1,98,50,35,33,15,6,7,1,51,70,70
52804,52804,Roland Garros,Clay,20170529,104527,32.1,105238,6-4 7-6(5) 7-5,R64,16,5,116,70,52,28,17,5,7,1,60,74,68
52832,52832,Roland Garros,Clay,20170529,104527,32.1,104926,7-6(2) 6-0 6-2,R32,6,2,79,49,36,18,13,4,6,1,62,73,64
52846,52846,Roland Garros,Clay,20170529,104527,32.1,104792,7-5 7-6(7) 6-2,R16,3,1,127,79,55,27,16,11,13,1,62,70,57
52853,52853,Roland Garros,Clay,20170529,104527,32.1,105227,6-3 6-3 6-1,QF,3,2,77,48,31,23,13,2,3,1,62,65,85
52856,52856,Roland Garros,Clay,20170529,104527,32.1,104918,6-7(6) 6-3 5-7 7-6(3) 6-1,SF,6,3,166,99,65,41,26,7,12,1,60,66,64
54479,54479,Amersfoort,Clay,20030714,104527,18.2,103204,6-4 6-4,R32,5,3,72,49,39,9,10,5,5,1,68,80,45
55807,55807,Umag,Clay,20030721,104527,18.3,104056,6-4 6-4,R32,4,2,82,53,36,16,10,10,11,1,65,68,59
57051,57051,Chennai,Hard,20150105,104527,29.7,106432,6-1 6-4,R16,4,1,48,26,24,12,9,0,0,1,54,92,57
57059,57059,Chennai,Hard,20150105,104527,29.7,104180,6-2 7-6(4),QF,4,0,61,39,31,17,10,3,4,1,64,79,77
57063,57063,Chennai,Hard,20150105,104527,29.7,105676,7-5 6-3,SF,6,1,72,37,26,22,11,7,8,1,51,70,65
57065,57065,Chennai,Hard,20150105,104527,29.7,105379,6-3 6-4,F,2,1,59,39,29,13,10,0,0,1,66,74,68
57167,57167,Australian Open,Hard,20150119,104527,29.8,104947,6-1 6-4 6-2,R128,9,3,78,44,36,20,13,2,2,1,56,82,65
57223,57223,Australian Open,Hard,20150119,104527,29.8,105657,7-6(4) 7-6(4) 6-3,R64,3,3,112,83,61,17,17,5,6,1,74,73,65
57251,57251,Australian Open,Hard,20150119,104527,29.8,103813,6-4 6-2 6-4,R32,9,2,78,42,38,17,14,1,3,1,54,90,50
57265,57265,Australian Open,Hard,20150119,104527,29.8,104198,7-6(2) 6-4 4-6 7-6(8),R16,16,3,134,86,66,24,22,5,9,1,64,77,53
57272,57272,Australian Open,Hard,20150119,104527,29.8,105453,6-3 6-4 7-6(6),QF,21,4,91,56,48,19,16,3,4,1,62,86,61
57397,57397,Rotterdam,Hard,20150209,104527,29.8,104619,6-3 3-6 6-3,R32,8,3,104,61,43,22,14,8,10,1,59,70,55
57407,57407,Rotterdam,Hard,20150209,104527,29.8,104198,6-7(2) 6-4 6-2,R16,8,0,92,58,46,18,15,3,4,1,63,79,53
57412,57412,Rotterdam,Hard,20150209,104527,29.8,104180,7-6(3) 6-3,QF,9,1,60,37,29,19,11,2,3,1,62,78,86
57415,57415,Rotterdam,Hard,20150209,104527,29.8,105683,7-6(3) 7-6(7),SF,10,3,86,57,47,17,12,6,6,1,66,82,65
57416,57416,Rotterdam,Hard,20150209,104527,29.8,104607,4-6 6-3 6-4,F,3,1,83,53,41,15,15,2,4,1,64,77,52
57494,57494,Marseille,Hard,20150216,104527,29.8,105332,6-2 6-3,R16,1,0,65,46,30,15,9,4,4,1,71,65,79
57764,57764,Miami Masters,Hard,20150325,104527,29.9,104122,6-7(9) 7-5 6-2,R64,5,8,114,44,36,37,16,4,6,1,39,82,60
57901,57901,Monte Carlo Masters,Clay,20150412,104527,30,104338,6-1 6-4,R32,2,2,48,21,19,14,9,2,4,1,44,90,56
58106,58106,Madrid Masters,Clay,20150503,104527,30,105311,7-6(1) 7-5,R32,2,1,76,42,37,17,12,2,3,1,55,88,52
58162,58162,Rome Masters,Clay,20150510,104527,30.1,104338,4-6 6-3 6-2,R32,7,1,102,56,40,18,14,8,12,1,55,71,40
58173,58173,Rome Masters,Clay,20150510,104527,30.1,106233,7-6(3) 6-4,R16,9,3,61,32,30,18,11,1,1,1,52,94,69
58179,58179,Rome Masters,Clay,20150510,104527,30.1,104745,7-6(7) 6-2,QF,1,2,82,47,30,20,10,7,9,1,57,64,61
58196,58196,Geneva,Clay,20150517,104527,30.1,104586,6-4 3-6 6-3,R16,6,1,73,37,28,24,14,1,3,1,51,76,69
58286,58286,Roland Garros,Clay,20150524,104527,30.1,104947,6-3 6-2 6-3,R128,10,5,86,50,39,21,13,6,6,1,58,78,68
58325,58325,Roland Garros,Clay,20150524,104527,30.1,105583,6-3 6-4 5-7 6-3,R64,11,9,131,57,40,38,20,6,11,1,44,70,58
58344,58344,Roland Garros,Clay,20150524,104527,30.1,105449,6-4 6-3 6-2,R32,8,0,76,41,38,21,14,0,0,1,54,93,60
58354,58354,Roland Garros,Clay,20150524,104527,30.1,104468,6-1 6-4 6-2,R16,5,4,80,34,27,27,13,2,3,1,42,79,64
58359,58359,Roland Garros,Clay,20150524,104527,30.1,103819,6-4 6-3 7-6(4),QF,4,0,92,50,44,26,15,4,4,1,54,88,62
58361,58361,Roland Garros,Clay,20150524,104527,30.1,104542,6-3 6-7(1) 7-6(3) 6-4,SF,15,6,157,82,62,44,22,16,17,1,52,76,64
58362,58362,Roland Garros,Clay,20150524,104527,30.1,104925,4-6 6-4 6-3 6-4,F,9,3,126,84,64,21,20,8,10,1,67,76,54
58463,58463,Queen's Club,Grass,20150615,104527,30.2,106401,6-3 6-4,R32,9,2,52,30,28,15,10,3,3,1,58,93,75
58542,58542,Wimbledon,Grass,20150629,104527,30.2,105311,6-2 7-5 7-6(3),R128,25,3,93,56,48,23,16,0,0,1,60,86,68
58597,58597,Wimbledon,Grass,20150629,104527,30.2,103607,6-3 6-4 7-5,R64,15,6,93,50,41,27,16,2,2,1,54,82,73
58625,58625,Wimbledon,Grass,20150629,104527,30.2,104269,6-4 6-3 6-4,R32,14,3,87,55,48,17,15,4,4,1,63,87,59
58639,58639,Wimbledon,Grass,20150629,104527,30.2,105676,7-6(3) 7-6(7) 6-4,R16,13,6,115,65,54,24,17,2,4,1,57,83,55
59003,59003,Cincinnati Masters,Hard,20150816,104527,30.3,106432,3-6 7-6(3) 6-3,R32,16,4,95,52,43,24,16,0,2,1,55,83,62
59017,59017,Cincinnati Masters,Hard,20150816,104527,30.3,103333,6-7(2) 7-6(5) 7-6(5),R16,8,3,132,78,62,34,18,3,3,1,59,79,67
59109,59109,US Open,Hard,20150831,104527,30.4,105077,7-5 6-4 7-6(6),R128,9,9,122,67,50,27,17,4,7,1,55,75,59
59157,59157,US Open,Hard,20150831,104527,30.4,111202,7-6(2) 7-6(4) 7-6(6),R64,26,1,134,77,58,35,18,5,7,1,57,75,62
59181,59181,US Open,Hard,20150831,104527,30.4,105074,6-3 7-6(5) 6-4,R32,8,7,102,46,37,31,15,8,11,1,45,80,63
59193,59193,US Open,Hard,20150831,104527,30.4,105385,6-4 1-6 6-3 6-4,R16,10,3,102,53,43,26,18,3,6,1,52,81,57
59199,59199,US Open,Hard,20150831,104527,30.4,104731,6-4 6-4 6-0,QF,6,2,66,32,30,23,13,1,1,1,48,94,72
59216,59216,Metz,Hard,20150921,104527,30.4,104460,4-6 6-3 7-6(4),R16,8,0,104,66,48,26,16,4,5,1,63,73,68
59341,59341,Tokyo,Hard,20151005,104527,30.5,103285,7-5 6-3,R32,11,2,57,37,30,12,11,0,1,1,65,81,67
59357,59357,Tokyo,Hard,20151005,104527,30.5,105147,6-3 2-6 6-4,R16,7,1,92,48,35,23,14,5,8,1,52,73,53
59365,59365,Tokyo,Hard,20151005,104527,30.5,105572,6-3 6-4,QF,9,1,61,32,26,18,10,2,2,1,52,81,64
59369,59369,Tokyo,Hard,20151005,104527,30.5,104180,6-4 7-6(5),SF,8,0,64,34,26,21,11,1,3,1,53,76,70
59371,59371,Tokyo,Hard,20151005,104527,30.5,105332,6-2 6-4,F,4,1,58,31,20,19,9,3,4,1,53,65,73
59407,59407,Shanghai Masters,Hard,20151011,104527,30.5,104678,7-6(3) 6-3,R32,5,4,82,49,36,18,11,2,3,1,60,73,62
59417,59417,Shanghai Masters,Hard,20151011,104527,30.5,105227,7-5 6-7(7) 6-4,R16,7,1,126,64,46,33,17,9,11,1,51,72,54
59590,59590,Paris Masters,Hard,20151102,104527,30.5,106071,6-3 7-6(6),R32,13,1,80,37,32,23,11,5,5,1,46,86,55
59604,59604,Paris Masters,Hard,20151102,104527,30.5,104678,6-4 7-5,R16,6,3,76,38,26,22,11,5,7,1,50,68,63
59611,59611,Paris Masters,Hard,20151102,104527,30.5,104745,7-6(8) 7-6(7),QF,11,1,90,54,44,18,12,6,8,1,60,81,51
59624,59624,Tour Finals,Hard,20151115,104527,30.6,103970,7-5 6-2,RR,3,0,55,30,20,19,10,0,1,1,55,67,76
59628,59628,Tour Finals,Hard,20151115,104527,30.6,104918,7-6(4) 6-4,RR,4,4,80,36,27,26,11,8,10,1,45,75,65
65582,65582,Chennai,Hard,20131230,104527,28.7,103794,6-3 6-1,R16,4,3,46,29,25,10,8,4,4,1,63,86,71
65589,65589,Chennai,Hard,20131230,104527,28.7,105379,6-2 6-1,QF,4,4,54,32,20,10,7,5,7,1,59,62,56
65593,65593,Chennai,Hard,20131230,104527,28.7,105577,6-4 5-5 RET,SF,4,3,90,51,38,17,10,9,10,1,57,75,47
65595,65595,Chennai,Hard,20131230,104527,28.7,104273,7-5 6-2,F,5,2,63,35,25,20,10,1,1,1,56,71,77
65729,65729,Australian Open,Hard,20140113,104527,28.7,104979,6-4 4-1 RET,R128,4,1,35,22,20,6,7,1,2,1,63,91,50
65769,65769,Australian Open,Hard,20140113,104527,28.7,104268,6-3 6-3 6-7(4) 6-4,R64,9,4,124,68,57,31,20,5,7,1,55,84,60
65798,65798,Australian Open,Hard,20140113,104527,28.7,103990,6-3 7-6(3) 7-6(5),R16,14,3,107,62,54,24,17,3,4,1,58,87,57
65803,65803,Australian Open,Hard,20140113,104527,28.7,104925,2-6 6-4 6-2 3-6 9-7,QF,17,5,170,98,71,36,25,3,7,1,58,72,54
65805,65805,Australian Open,Hard,20140113,104527,28.7,104607,6-3 6-7(1) 7-6(3) 7-6(4),SF,18,4,145,88,72,32,23,1,1,1,61,82,60
65806,65806,Australian Open,Hard,20140113,104527,28.7,104745,6-3 6-2 3-6 6-3,F,19,2,96,53,46,22,18,4,6,1,55,87,54
66192,66192,Indian Wells Masters,Hard,20140306,104527,28.9,103333,6-3 7-5,R64,8,1,56,32,28,17,11,0,0,1,57,88,74
66220,66220,Indian Wells Masters,Hard,20140306,104527,28.9,104312,6-0 6-2,R32,7,3,38,22,19,10,7,0,0,1,58,86,77
66287,66287,Miami Masters,Hard,20140319,104527,28.9,104593,6-0 3-6 6-3,R64,8,3,83,49,40,15,12,4,6,1,59,82,48
66315,66315,Miami Masters,Hard,20140319,104527,28.9,104273,7-5 6-4,R32,6,2,63,34,26,17,11,2,3,1,54,76,63
66420,66420,Monte Carlo Masters,Clay,20140413,104527,29,105227,6-0 6-2,R32,3,1,34,23,18,10,7,0,0,1,68,78,100
66440,66440,Monte Carlo Masters,Clay,20140413,104527,29,105683,7-6(5) 6-2,QF,5,3,63,30,24,22,10,0,0,1,48,80,73
66443,66443,Monte Carlo Masters,Clay,20140413,104527,29,103970,6-1 7-6(3),SF,6,1,66,34,29,18,10,2,2,1,52,85,58
66445,66445,Monte Carlo Masters,Clay,20140413,104527,29,103819,4-6 7-6(5) 6-2,F,5,2,93,54,43,22,15,1,3,1,58,80,59
66656,66656,Rome Masters,Clay,20140511,104527,29.1,105137,6-0 6-3,R32,3,0,41,25,24,9,8,1,1,1,61,96,56
66913,66913,Queen's Club,Grass,20140609,104527,29.1,104571,3-2 RET,R32,4,1,15,8,7,5,3,0,0,1,53,88,83
66929,66929,Queen's Club,Grass,20140609,104527,29.1,105023,6-2 6-2,R16,7,1,42,26,21,11,8,0,0,1,62,81,73
66937,66937,Queen's Club,Grass,20140609,104527,29.1,104594,7-5 6-3,QF,10,3,59,33,27,18,11,0,0,1,56,82,78
67032,67032,Wimbledon,Grass,20140623,104527,29.2,105311,6-3 6-4 6-3,R128,18,2,80,51,44,16,14,0,0,1,64,86,59
67080,67080,Wimbledon,Grass,20140623,104527,29.2,104229,7-6(6) 6-3 3-6 7-5,R64,13,2,136,67,53,36,21,4,8,1,49,79,54
67104,67104,Wimbledon,Grass,20140623,104527,29.2,104797,6-3 6-3 6-4,R32,12,1,72,41,34,23,14,3,3,1,57,83,77
67116,67116,Wimbledon,Grass,20140623,104527,29.2,103852,7-6(5) 7-6(7) 6-3,R16,31,2,95,63,56,25,17,0,0,1,66,89,83
67465,67465,Canada Masters,Hard,20140804,104527,29.3,105332,4-6 6-3 7-6(2),R32,12,6,105,57,44,25,16,5,7,1,54,77,60
67519,67519,Cincinnati Masters,Hard,20140810,104527,29.3,103794,6-3 7-6(5),R32,8,2,75,45,37,15,11,2,3,1,60,82,54
67533,67533,Cincinnati Masters,Hard,20140810,104527,29.3,105227,3-6 6-0 6-1,R16,7,5,67,31,26,20,11,3,4,1,46,84,65
67608,67608,US Open,Hard,20140825,104527,29.4,106210,6-2 7-6(6) 7-6(3),R128,9,7,100,47,38,31,16,2,4,1,47,81,67
67664,67664,US Open,Hard,20140825,104527,29.4,105064,6-3 6-4 3-6 7-6(1),R64,16,1,106,74,63,16,20,0,3,1,70,85,52
67704,67704,US Open,Hard,20140825,104527,29.4,103990,7-5 4-6 7-6(7) 6-2,R16,18,6,133,73,58,35,21,6,8,1,55,79,65
68083,68083,Paris Masters,Hard,20141027,104527,29.5,106233,6-4 7-6(6),R32,2,2,73,45,38,12,11,2,3,1,62,84,46
68106,68106,Tour Finals,Hard,20141109,104527,29.6,104607,6-1 6-1,RR,5,0,33,22,21,7,7,0,0,1,67,95,64
68107,68107,Tour Finals,Hard,20141109,104527,29.6,105227,6-3 4-6 6-3,RR,7,4,78,38,28,25,14,1,3,1,49,74,69
68148,68148,Doha,Hard,20181231,104527,33.7,105138,6-4 6-4,QF,7,0,86,51,32,18,10,12,14,0,59,63,51
68333,68333,Australian Open,Hard,20190114,104527,33.7,105683,6-7(4) 7-6(6) 7-6(11) 7-6(5),R64,28,2,170,102,84,38,24,5,7,0,60,82,58
68451,68451,Sofia,Hard,20190204,104527,33.8,105657,3-6 7-6(5) 6-4,R32,13,1,90,56,48,23,16,6,7,0,62,86,70
68516,68516,Rotterdam,Hard,20190211,104527,33.8,104792,6-3 1-6 6-2,F,2,0,71,41,26,16,12,6,10,0,58,63,53
68638,68638,Acapulco,Hard,20190225,104527,33.9,106401,7-5 6-7(3) 6-4,QF,15,4,106,60,48,22,17,5,8,0,57,80,52
68747,68747,Indian Wells Masters,Hard,20190304,104527,33.9,103819,6-3 6-4,R32,8,1,51,37,22,10,9,4,6,0,73,59,77
68868,68868,Miami Masters,Hard,20190318,104527,33.9,105936,5-7 6-2 7-6(5),R64,11,3,109,64,46,16,16,6,10,0,59,72,38
68993,68993,Monte Carlo Masters,Clay,20190415,104527,34,106065,0-6 7-5 6-3,R32,5,2,69,36,25,18,13,0,3,0,52,69,58
69153,69153,Madrid Masters,Clay,20190506,104527,34.1,104745,6-1 6-2,QF,3,2,45,26,14,6,7,6,10,0,58,54,35
69237,69237,Rome Masters,Clay,20190513,104527,34.1,105676,4-6 6-0 6-2,R64,7,1,74,41,25,14,12,4,10,0,55,61,44
69270,69270,Geneva,Clay,20190520,104527,34.1,106000,3-6 6-3 6-4,R16,5,1,93,57,39,17,14,7,11,0,61,68,49
69431,69431,Roland Garros,Clay,20190527,104527,34.1,103819,7-6(4) 4-6 7-6(5) 6-4,QF,8,7,171,113,81,27,22,16,18,0,66,72,53
69532,69532,Queen's Club,Grass,20190617,104527,34.2,103917,3-6 7-5 7-6(2),R16,18,2,92,60,53,16,17,5,7,0,65,88,53
69678,69678,Wimbledon,Grass,20190701,104527,34.2,124187,7-5 3-6 4-6 6-4 8-6,R64,17,5,144,87,71,36,28,7,10,0,60,82,69
70019,70019,Canada Masters,Hard,20190805,104527,34.3,111575,6-4 6-7(3) 6-2,R32,10,1,90,61,43,12,15,2,7,0,68,70,43
70070,70070,Cincinnati Masters,Hard,20190812,104527,34.3,126094,6-4 6-4,R32,11,0,50,24,21,13,10,0,2,0,48,88,50
70270,70270,US Open,Hard,20190826,104527,34.4,106421,7-6(6) 6-3 3-6 6-1,QF,10,4,111,72,56,15,18,4,8,0,65,78,43
70502,70502,Antwerp,Hard,20191014,104527,34.5,104918,3-6 6-4 6-4,F,12,1,93,56,38,18,15,5,10,0,60,68,50
70657,70657,Paris Masters,Hard,20191028,104527,34.5,104745,6-4 6-4,R16,7,0,51,32,24,11,10,1,3,0,63,75,58
71030,71030,Australian Open,Hard,20180115,104527,32.8,105815,6-2 6-1 6-4,R64,4,2,83,55,32,14,12,8,13,0,66,58,54
71256,71256,Sofia,Hard,20180205,104527,32.8,105806,7-6(6) 6-4,SF,4,4,73,40,28,19,11,1,3,0,55,70,66
71324,71324,Rotterdam,Hard,20180212,104527,32.8,134868,4-6 6-3 6-2,R32,7,2,78,39,29,20,13,5,8,0,50,74,54
71385,71385,Marseille,Hard,20180219,104527,32.8,125802,6-4 1-1 RET,R16,3,1,47,27,16,10,6,7,9,0,57,59,53
72112,72112,Rome Masters,Clay,20180514,104527,33.1,105449,6-4 6-4,R64,6,3,55,33,26,11,10,0,2,0,60,79,58
72179,72179,Geneva,Clay,20180521,104527,33.1,105916,6-4 6-0,QF,1,0,53,37,20,6,8,5,10,0,70,54,38
72270,72270,Roland Garros,Clay,20180528,104527,33.1,104198,6-2 3-6 4-6 7-6(5) 6-3,R128,5,4,178,100,73,36,24,14,19,0,56,73,49
72444,72444,Queen's Club,Grass,20180618,104527,33.2,105023,7-5 6-7(3) 6-1,R16,8,2,89,56,43,16,15,3,7,0,63,77,52
72480,72480,Eastbourne,Grass,20180625,104527,33.2,104918,6-1 6-3,R32,8,4,59,36,19,11,8,4,8,0,61,53,58
72585,72585,Wimbledon,Grass,20180702,104527,33.2,105341,7-6(7) 6-3 7-6(6),R64,17,2,123,76,53,24,17,4,6,0,62,70,53
72864,72864,Washington,Hard,20180730,104527,33.3,105385,6-4 6-7(5) 7-6(3),R64,11,5,98,60,48,24,17,0,1,0,61,80,73
72945,72945,Canada Masters,Hard,20180806,104527,33.3,104745,7-5 7-6(4),R16,6,2,91,49,35,20,12,4,7,0,54,71,50
73001,73001,Cincinnati Masters,Hard,20180813,104527,33.3,103819,6-7(2) 7-6(6) 6-2,QF,3,2,111,60,39,34,16,7,9,0,54,65,69
73157,73157,US Open,Hard,20180827,104527,33.4,105683,7-6(6) 6-4 6-3,R32,6,1,95,60,43,22,17,2,5,0,63,72,65
73281,73281,St. Petersburg,Hard,20180917,104527,33.4,105373,4-6 6-3 7-5,SF,6,0,85,52,37,18,15,1,4,0,61,71,55
73390,73390,Tokyo,Hard,20181001,104527,33.5,133430,4-6 6-1 6-4,R16,8,1,83,43,31,19,13,6,9,0,52,72,49
73414,73414,Shanghai Masters,Hard,20181008,104527,33.5,106432,4-6 6-4 6-3,R64,14,1,80,52,39,17,14,6,8,0,65,75,63
74620,74620,Monte Carlo Masters,Clay,20220411,104527,37,122330,3-6 7-5 6-2,R64,4,0,99,53,33,23,15,6,11,0,54,62,50
74810,74810,Rome Masters,Clay,20220509,104527,37.1,104925,6-2 6-2,R16,1,4,57,24,14,12,8,2,7,0,42,58,41
75009,75009,Queen's Club,Grass,20220613,104527,37.2,126205,6-1 6-4,R16,1,2,53,34,21,10,8,7,10,0,64,62,59
75087,75087,Wimbledon,Grass,20220627,104527,37.2,206173,7-5 4-6 6-3 6-2,R128,10,3,132,64,45,35,19,10,15,0,48,70,54
75224,75224,Bastad,Clay,20220711,104527,37.2,105807,7-5 6-4,R32,10,1,63,30,27,17,11,4,6,0,48,90,53
75506,75506,Canada Masters,Hard,20220808,104527,37.3,200325,6-3 3-6 6-3,R64,7,3,78,44,34,14,13,6,9,0,56,77,45
75569,75569,Cincinnati Masters,Hard,20220815,104527,37.3,104918,7-6(3) 5-7 7-5,R64,11,2,101,59,42,26,18,2,5,0,58,71,65
75653,75653,Us Open,Hard,20220829,104527,37.4,144895,6-4 7-6(7) RET,R128,6,3,81,45,35,15,12,5,7,0,56,78,45
75898,75898,Doha,Hard,20200106,104527,34.7,144895,3-6 7-5 6-3,SF,12,4,93,61,45,17,15,9,11,0,66,74,61
76098,76098,Australian Open,Hard,20200120,104527,34.8,100644,1-6 6-3 6-4 6-2,QF,4,5,105,59,41,24,17,8,13,0,56,69,59
76360,76360,Acapulco,Hard,20200224,104527,34.9,105777,6-4 6-4,QF,3,1,53,32,23,7,10,3,6,0,60,72,35
76688,76688,Rome Masters,Clay,20200914,104527,35.4,207518,6-0 7-6(2),R64,2,0,69,39,23,12,9,3,7,0,57,59,40
76845,76845,Roland Garros,Clay,20200928,104527,35.5,200384,2-6 6-3 6-3 4-6 6-0,R32,7,2,147,84,50,32,21,13,21,0,57,60,52
76926,76926,St Petersburg,Hard,20201012,104527,35.5,133430,6-4 7-5,QF,2,1,76,46,33,12,11,5,8,0,61,72,41
77034,77034,Vienna,Hard,20201026,104527,35.5,106426,6-4 6-7(9) 6-3,R32,9,4,95,51,43,23,15,3,5,0,54,84,57
77040,77040,Paris Masters,Hard,20201102,104527,35.6,100644,6-3 7-6(1),QF,2,1,65,36,23,14,11,0,4,0,55,64,50
77259,77259,Madrid Masters,Hard,20081012,104527,23.5,103852,6-4 6-4,R16,7,1,56,37,28,10,10,1,3,0,66,76,56
77500,77500,Gstaad,Clay,20080707,104527,23.2,103812,6-3 3-6 6-4,SF,6,1,97,61,40,20,14,8,11,0,63,66,57
77653,77653,Basel,Hard,20081020,104527,23.5,103794,3-6 7-6(5) 7-6(5),R32,9,2,107,65,42,26,17,0,4,0,61,65,65
77766,77766,Vienna,Hard,20081006,104527,23.5,104332,6-7(5) 6-2 7-6(5),R32,3,1,111,72,43,19,16,7,14,0,65,60,50
77797,77797,Sydney,Hard,20080107,104527,22.7,104098,6-3 6-3,R32,2,1,54,37,23,7,9,2,6,0,69,62,44
77907,77907,Paris Masters,Hard,20081026,104527,23.5,104607,6-3 7-5,R32,8,3,62,34,26,13,11,0,3,0,55,76,52
78059,78059,Miami Masters,Hard,20080327,104527,22.9,104417,3-6 6-4 6-3,R64,5,3,74,38,29,21,14,0,2,0,51,76,64
78210,78210,Indian Wells Masters,Hard,20080313,104527,22.9,104925,7-6(5) 6-2,QF,1,1,87,53,27,18,10,10,15,0,61,51,55
78249,78249,Monte Carlo Masters,Clay,20080420,104527,23,103990,6-4 7-5,R64,2,2,67,38,20,12,11,3,9,0,57,53,44
78330,78330,Hamburg Masters,Clay,20080511,104527,23.1,103017,7-5 7-5,R32,1,1,89,61,33,18,12,7,11,0,69,54,67
78409,78409,Rome Masters,Clay,20080505,104527,23.1,104925,4-6 6-3 6-3,F,2,3,87,55,36,19,14,3,6,0,63,65,66
78515,78515,Canada Masters,Hard,20080721,104527,23.3,104918,6-2 0-6 6-4,R16,6,1,79,61,39,8,12,5,8,0,77,64,47
78692,78692,Barcelona,Clay,20080428,104527,23,103970,7-6(8) 6-3,SF,3,2,84,47,30,20,11,5,8,0,56,64,57
78861,78861,Doha,Hard,20071231,104527,22.7,104918,6-4 4-6 6-2,F,6,3,101,77,39,15,14,8,13,0,76,51,71
78926,78926,Dubai,Hard,20080303,104527,22.9,103401,6-4 6-4,R32,10,3,60,38,23,10,10,1,5,0,63,61,53
78973,78973,Marseille,Hard,20080211,104527,22.8,104918,3-6 7-6(5) 6-1,R16,6,1,102,58,35,17,15,4,11,0,57,60,40
79207,79207,Roland Garros,Clay,20080525,104527,23.1,103602,5-7 2-6 6-4 6-4 6-4,R32,9,1,153,102,76,27,25,10,14,0,67,75,54
79381,79381,Wimbledon,Grass,20080623,104527,23.2,103498,6-4 6-3 5-7 6-1,R16,8,8,114,63,40,21,19,6,13,0,55,63,49
79509,79509,US Open,Hard,20080825,104527,23.4,104918,6-1 6-3 6-3,R16,3,0,86,53,34,11,13,7,13,0,62,64,33
79668,79668,Australian Open,Hard,20080114,104527,22.7,102967,6-2 3-6 7-6(5) 2-1 RET,R64,9,3,109,59,44,21,17,3,8,0,54,75,45
79972,79972,Beijing Olympics,Hard,20080811,104527,23.3,103781,6-4 6-0,R32,2,2,47,32,16,7,8,2,6,0,68,50,54
80033,80033,Madrid Masters,Clay,20090510,104527,24.1,105223,4-6 6-4 6-4,R16,8,1,92,59,40,13,15,4,9,0,64,68,41
80259,80259,Gstaad,Clay,20090726,104527,24.3,105064,6-4 6-4,R16,5,3,51,26,22,14,10,1,3,0,51,85,64
80388,80388,Basel,Hard,20091102,104527,24.5,104925,3-6 7-6(5) 6-2,QF,13,1,96,61,44,19,15,6,9,0,64,72,56
80418,80418,Tokyo,Hard,20091005,104527,24.5,104792,2-6 6-3 6-4,QF,10,0,78,37,31,21,13,2,4,0,47,84,51
80586,80586,Paris Masters,Hard,20091108,104527,24.6,104095,6-3 6-4,R64,4,1,69,36,20,16,9,3,7,0,52,56,50
80805,80805,Miami Masters,Hard,20090325,104527,23.9,104745,7-6(2) 7-6(4),R16,7,2,103,58,44,21,12,11,12,0,56,76,49
80902,80902,Indian Wells Masters,Hard,20090312,104527,23.9,104925,7-6(7) 7-6(6),R16,8,0,89,51,40,19,12,6,8,0,57,78,50
80999,80999,Monte Carlo Masters,Clay,20090412,104527,24,104925,4-6 6-1 6-3,SF,1,3,97,60,36,16,13,9,14,0,62,60,47
81020,81020,Hamburg,Clay,20090719,104527,24.3,104198,6-2 6-4,R32,1,2,54,38,20,8,9,2,6,0,70,53,57
81091,81091,Rome Masters,Clay,20090427,104527,24,105223,6-2 6-7(5) 6-3,R16,4,3,101,66,41,18,14,10,14,0,65,62,56
81219,81219,Canada Masters,Hard,20090810,104527,24.3,103819,6-3 7-6(5),R16,11,2,77,46,32,15,10,6,8,0,60,70,52
81235,81235,Cincinnati Masters,Hard,20090816,104527,24.3,103970,7-5 6-2,R64,2,3,72,34,22,16,10,7,11,0,47,65,46
81389,81389,Barcelona,Clay,20090420,104527,24,103285,6-4 1-6 7-5,R16,5,0,96,74,47,9,15,5,9,0,77,64,41
81783,81783,Shanghai Masters,Hard,20091011,104527,24.5,103285,3-6 7-6(5) 4-2 RET,R16,8,7,97,52,40,18,14,6,9,0,54,77,47
81976,81976,Roland Garros,Clay,20090525,104527,24.1,103786,6-3 4-6 6-3 6-2,R32,7,3,113,58,38,30,18,4,9,0,51,66,58
82149,82149,Wimbledon,Grass,20090622,104527,24.2,104918,2-6 6-3 6-3 5-7 6-3,R16,17,3,162,104,67,29,23,6,11,0,64,64,53
82221,82221,US Open,Hard,20090831,104527,24.4,102839,4-6 3-6 7-6(6) 7-6(3) 6-3,R128,19,12,188,98,69,38,26,13,20,0,52,70,49
82458,82458,Australian Open,Hard,20090119,104527,23.8,104607,4-6 6-1 6-3 6-4,R32,9,2,133,68,45,31,18,15,20,0,51,66,49
82702,82702,Chennai,Hard,20090105,104527,23.7,104262,6-4 6-1,R32,3,3,53,25,16,12,8,5,9,0,47,64,48
83264,83264,Rotterdam,Hard,20210301,104527,35.9,111575,6-4 7-5,R32,4,4,71,37,30,15,11,3,5,0,52,81,50
83708,83708,Doha,Hard,20210308,104527,35.9,144750,7-6(3) 6-7(6) 7-5,R32,17,5,110,70,61,20,18,3,5,0,64,87,57
84510,84510,Australian Open,Hard,20210208,104527,35.8,105916,7-5 6-1 4-6 2-6 7-6(9),R64,9,2,170,99,64,38,24,11,17,0,58,65,55
91581,91581,Chennai,Hard,20100104,104527,24.7,105227,7-6(2) 7-6(3),F,5,0,88,52,32,22,12,6,8,0,59,62,61
91772,91772,Australian Open,Hard,20100118,104527,24.8,105227,4-6 6-4 6-3 6-3,R32,10,6,128,69,52,26,19,5,10,0,54,75,49
92319,92319,Miami Masters,Hard,20100324,104527,24.9,104022,1-6 7-6(5) 7-5,R32,6,3,97,57,43,20,16,1,4,0,59,75,54
92439,92439,Monte Carlo Masters,Clay,20100411,104527,25,104925,6-4 6-4,R16,4,1,66,39,23,14,10,6,10,0,59,59,54
92557,92557,Rome Masters,Clay,20100425,104527,25,104745,6-4 6-1,QF,2,1,43,25,18,9,8,3,6,0,58,72,53
92619,92619,Belgrade,Clay,20100503,104527,25,104545,7-5 7-5,SF,4,3,68,47,37,9,12,1,3,0,69,79,50
92688,92688,Madrid Masters,Clay,20100509,104527,25.1,103819,6-3 6-1,R16,3,1,64,44,21,8,8,6,11,0,69,48,42
92865,92865,Roland Garros,Clay,20100524,104527,25.1,103819,6-3 7-6(5) 6-2,R16,5,4,87,48,38,16,15,3,8,0,55,79,46
93034,93034,Wimbledon,Grass,20100621,104527,25.2,104797,6-7(5) 6-1 2-6 7-6(4) 6-3,R128,9,10,135,84,56,33,23,1,5,0,62,67,80
93421,93421,Washington,Hard,20100801,104527,25.3,103900,6-1 6-3,R32,5,2,52,30,19,7,8,3,7,0,58,63,35
93464,93464,Canada Masters,Hard,20100809,104527,25.3,104745,7-6(12) 6-3,R32,8,2,78,40,30,20,10,7,9,0,51,75,56
93520,93520,Cincinnati Masters,Hard,20100815,104527,25.3,103898,6-4 6-2,R32,4,3,48,25,17,12,9,4,7,0,52,68,60
93717,93717,US Open,Hard,20100830,104527,25.4,104022,3-6 7-6(7) 3-6 6-3 6-3,QF,16,5,164,89,69,32,25,8,15,0,54,78,46
93914,93914,Shanghai Masters,Hard,20101010,104527,25.5,104745,6-4 6-4,R32,7,3,53,28,22,12,10,1,3,0,53,79,55
93992,93992,Stockholm,Hard,20101018,104527,25.5,103819,2-6 6-3 6-2,QF,4,0,75,39,24,19,12,5,9,0,52,62,53
94105,94105,Valencia,Hard,20101031,104527,25.5,104792,6-2 6-4,R16,1,0,74,38,22,16,9,10,14,0,51,58,44
94181,94181,Paris Masters,Hard,20101107,104527,25.6,104417,7-6(3) 6-3,R16,10,3,66,32,25,12,11,4,8,0,48,78,39
94444,94444,Gstaad,Clay,20040705,104527,19.2,103105,7-6(5) 6-4,R32,5,5,75,33,27,23,11,2,3,0,44,82,62
94691,94691,Basel,Carpet,20041025,104527,19.5,103990,7-6(6) 5-7 6-4,R32,7,3,119,65,47,31,17,10,13,0,55,72,61
94823,94823,Adelaide,Hard,20040105,104527,18.7,102257,6-4 6-2,R32,4,3,56,32,22,10,9,2,5,0,57,69,48
95730,95730,Barcelona,Clay,20040426,104527,19,102456,7-6(2) 6-0,R64,3,2,72,41,23,14,9,8,12,0,57,56,48
95882,95882,Umag,Clay,20040719,104527,19.3,103581,6-3 6-1,R32,2,3,41,27,14,6,8,1,5,0,66,52,55
96975,96975,Bucharest,Clay,20040913,104527,19.4,103970,6-4 7-6(4),R32,5,5,89,51,29,16,11,7,12,0,57,57,48
97341,97341,Gstaad,Clay,20050704,104527,20.2,103292,6-4 6-4,F,13,6,91,46,34,17,10,9,12,0,51,74,44
97561,97561,Basel,Carpet,20051024,104527,20.5,104019,7-6(4) 4-6 6-3,R32,6,3,96,57,43,20,15,5,7,0,59,75,56
97648,97648,New Haven,Hard,20050822,104527,20.4,102642,6-3 6-2,R64,4,2,50,24,14,15,8,3,6,0,48,58,62
97688,97688,Vienna,Hard,20051010,104527,20.5,103507,3-6 6-2 6-3,R32,7,4,81,55,40,11,13,3,6,0,68,73,50
97838,97838,Paris Masters,Carpet,20051031,104527,20.5,103507,7-6(4) 7-6(4),R32,8,3,88,50,40,21,12,2,2,0,57,80,60
98150,98150,Rotterdam,Hard,20050214,104527,19.8,103819,6-1 6-4,R16,2,3,53,24,18,12,8,4,7,0,45,75,46
98354,98354,Rome Masters,Clay,20050502,104527,20,104269,7-6(8) 6-2,R32,1,4,65,40,25,15,10,2,5,0,62,62,71
98507,98507,Canada Masters,Hard,20050808,104527,20.3,102257,6-7(5) 6-2 6-3,R64,7,3,116,61,40,25,14,13,18,0,53,66,48
98713,98713,Barcelona,Clay,20050418,104527,20,103285,3-6 6-3 6-2,QF,6,3,99,53,34,23,13,7,11,0,54,64,53
98845,98845,s Hertogenbosch,Grass,20050613,104527,20.2,102694,2-6 7-5 6-3,R32,12,4,93,52,39,19,14,5,8,0,56,75,51
99261,99261,Roland Garros,Clay,20050523,104527,20.1,103264,1-6 6-3 6-1 6-4,R32,9,11,105,49,31,24,17,6,14,0,47,63,53
99342,99342,Wimbledon,Grass,20050620,104527,20.2,102148,6-2 6-7(7) 7-5 6-1,R128,13,10,176,107,74,25,19,19,25,0,61,69,42
99539,99539,US Open,Hard,20050829,104527,20.4,103454,6-4 6-3 6-0,R32,4,4,80,46,23,15,13,5,13,0,57,50,50
100268,100268,Australian Open,Hard,20110117,104527,25.8,103819,6-1 6-3 6-3,QF,1,0,81,47,27,19,12,2,6,0,58,57,56
100476,100476,Buenos Aires,Clay,20110214,104527,25.8,103428,6-2 6-2,SF,2,0,42,26,14,5,8,0,4,0,62,54,31
100561,100561,Acapulco,Clay,20110221,104527,25.9,105238,6-4 7-6(6),QF,4,0,77,50,27,19,11,6,9,0,65,54,70
100719,100719,Indian Wells Masters,Hard,20110310,104527,25.9,103819,6-3 6-4,QF,0,1,50,32,25,8,9,1,3,0,64,78,47
100774,100774,Miami Masters,Hard,20110323,104527,25.9,104719,6-0 6-7(4) 6-3,R64,3,3,92,54,39,15,13,3,7,0,59,72,43
100997,100997,Munich,Clay,20110424,104527,26,104460,6-7(6) 6-4 7-5,R32,4,1,114,78,58,16,17,2,6,0,68,74,46
101087,101087,Madrid Masters,Clay,20110501,104527,26,104198,6-4 5-7 6-4,R64,5,2,105,69,50,14,16,5,8,0,66,72,41
101167,101167,Rome Masters,Clay,20110508,104527,26.1,104925,6-4 6-1,R16,4,0,56,44,26,5,8,6,9,0,79,59,42
101345,101345,Roland Garros,Clay,20110522,104527,26.1,103819,6-3 6-2 7-5,R16,5,1,83,59,38,11,14,1,6,0,71,64,48
101413,101413,Queen's Club,Grass,20110606,104527,26.1,104868,7-6(3) 6-3,R32,6,2,71,44,32,15,10,5,6,0,62,73,60
101576,101576,Wimbledon,Grass,20110620,104527,26.2,104620,7-6(5) 6-3 7-6(4),R64,13,2,97,58,46,18,16,4,8,0,60,79,49
101813,101813,Gstaad,Clay,20110725,104527,26.3,104719,6-3 6-2,QF,2,0,54,33,19,8,9,2,7,0,61,58,38
101994,101994,Canada Masters,Hard,20110808,104527,26.3,103888,6-3 6-7(8) 6-0,QF,1,1,86,44,22,14,14,3,13,0,51,50,34
102001,102001,Cincinnati Masters,Hard,20110814,104527,26.3,104979,3-6 6-4 6-1,R64,2,3,72,50,34,11,13,1,5,0,69,68,58
102185,102185,US Open,Hard,20110829,104527,26.4,105385,7-6(7) 3-6 2-6 6-3 7-6(1),R64,8,7,181,108,71,31,25,7,15,0,60,66,47
102444,102444,Shanghai Masters,Hard,20111009,104527,26.5,104918,6-4 3-6 6-3,R16,5,2,78,44,30,17,14,1,5,0,56,68,53
102496,102496,Stockholm,Hard,20111017,104527,26.5,103813,6-3 6-4,R16,6,2,48,36,24,6,9,2,5,0,75,67,60
102592,102592,Basel,Hard,20111031,104527,26.5,103819,7-6(5) 6-2,SF,3,0,67,41,28,9,10,2,5,0,61,68,35
102643,102643,Paris Masters,Hard,20111107,104527,26.6,104545,6-7(3) 7-5 7-6(5),R64,12,3,133,84,58,29,18,8,10,0,63,69,63
102690,102690,Madrid Masters,Hard,20071015,104527,22.5,103017,7-5 6-3,R64,1,1,67,45,25,13,10,2,5,0,67,56,62
102802,102802,Auckland,Hard,20070108,104527,21.7,104597,1-6 6-4 6-1,R32,0,5,89,49,32,21,12,12,15,0,55,65,60
102834,102834,Poertschach,Clay,20070520,104527,22.1,103701,6-2 6-4,R32,1,1,53,29,17,15,9,4,7,0,55,59,65
102954,102954,Gstaad,Clay,20070709,104527,22.2,103506,7-5 1-6 6-4,R32,8,12,98,40,28,28,15,8,13,0,41,70,61
103142,103142,Stuttgart,Clay,20070716,104527,22.2,104745,6-4 7-5,F,5,6,72,36,20,18,11,7,12,0,50,56,60
103162,103162,Basel,Hard,20071022,104527,22.5,104607,7-5 6-4,R16,7,4,57,35,30,10,11,1,3,0,61,86,56
103264,103264,New Haven,Hard,20070819,104527,22.3,103888,6-3 6-3,QF,1,2,66,30,19,18,9,10,14,0,45,63,53
103298,103298,Vienna,Hard,20071007,104527,22.5,104925,6-4 6-0,F,2,2,55,36,24,4,8,4,8,0,65,67,24
103376,103376,Metz,Hard,20071001,104527,22.5,104542,6-7(6) 6-4 6-4,R32,7,1,100,53,42,20,16,0,3,0,53,79,43
103468,103468,Paris Masters,Hard,20071028,104527,22.5,104745,6-4 6-3,R16,6,2,58,28,18,14,10,5,9,0,48,64,50
103845,103845,Hamburg Masters,Clay,20070514,104527,22.1,103507,6-1 7-6(5),R64,2,3,67,33,23,16,10,3,7,0,49,70,52
103902,103902,Rome Masters,Clay,20070507,104527,22.1,103656,3-6 6-1 7-6(3),R64,5,5,104,60,39,22,14,9,12,0,58,65,56
104059,104059,Canada Masters,Hard,20070805,104527,22.3,104022,6-4 6-4,R32,6,0,63,38,25,12,10,4,7,0,60,66,48
104096,104096,Cincinnati Masters,Hard,20070813,104527,22.3,103720,7-5 3-6 7-6(5),R64,11,2,105,55,41,25,17,2,6,0,52,75,52
104362,104362,Umag,Clay,20070723,104527,22.3,102845,6-3 6-2,R32,0,2,52,37,17,7,9,2,7,0,71,46,54
104423,104423,Doha,Hard,20070101,104527,21.7,103018,5-7 6-4 6-4,R32,1,4,98,66,47,16,16,2,5,0,67,71,57
104620,104620,Halle,Grass,20070611,104527,22.2,105095,3-6 6-3 6-4,R32,8,4,84,52,37,13,14,3,7,0,62,71,46
104750,104750,Roland Garros,Clay,20070528,104527,22.1,103344,6-4 6-3 6-7(3) 6-3,R64,11,1,123,70,48,30,19,7,11,0,57,69,58
104885,104885,Wimbledon,Grass,20070625,104527,22.2,103566,6-4 6-4 6-1,R128,3,4,88,51,33,16,13,4,8,0,58,65,48
105079,105079,US Open,Hard,20070827,104527,22.4,103428,4-6 6-2 7-6(6) 1-6 6-4,R16,9,4,145,70,48,37,23,1,8,0,48,69,52
105261,105261,Australian Open,Hard,20070115,104527,21.8,104745,6-2 6-2 6-2,R32,4,2,92,52,30,13,12,4,11,0,57,58,34
105347,105347,Nottingham,Grass,20070618,104527,22.2,103333,6-3 7-6(3),R32,1,5,77,45,33,14,11,2,4,0,58,73,52
105542,105542,Chennai,Hard,20121231,104527,27.7,105379,6-2 7-6(6),QF,5,2,72,49,31,10,10,4,7,0,68,63,48
105743,105743,Australian Open,Hard,20130114,104527,27.8,104925,1-6 7-5 6-4 6-7(5) 12-10,R16,16,2,214,133,91,42,31,8,15,0,62,68,53
105953,105953,Buenos Aires,Clay,20130218,104527,27.8,103970,6-4 3-6 6-1,F,4,3,74,42,27,11,13,5,11,0,57,64,38
106015,106015,Acapulco,Clay,20130225,104527,27.9,104926,6-2 7-6(3),R32,2,1,70,49,28,11,10,6,8,0,70,57,55
106189,106189,Indian Wells Masters,Hard,20130307,104527,27.9,103819,6-3 6-7(4) 7-5,R16,6,3,119,72,44,25,16,10,15,0,61,61,57
106314,106314,Casablanca,Clay,20130408,104527,28,103990,1-6 6-3 6-2,SF,1,5,70,47,32,7,12,5,10,0,67,68,39
106395,106395,Monte Carlo Masters,Clay,20130414,104527,28,104542,2-6 6-3 6-4,QF,2,4,83,42,27,27,13,4,6,0,51,64,73
106580,106580,Madrid Masters,Clay,20130505,104527,28.1,104745,6-2 6-4,F,5,4,54,33,22,10,9,8,11,0,61,67,59
106807,106807,Roland Garros,Clay,20130527,104527,28.1,104745,6-2 6-3 6-1,QF,3,4,87,52,30,12,12,5,12,0,60,58,39
106924,106924,s Hertogenbosch,Grass,20130616,104527,28.2,103917,6-3 6-4,F,3,4,54,32,20,15,9,2,4,0,59,62,83
106991,106991,Wimbledon,Grass,20130624,104527,28.2,103720,6-4 7-5 6-3,R128,12,2,105,63,41,20,16,9,15,0,60,65,50
107286,107286,Gstaad,Clay,20130722,104527,28.3,103852,6-4 2-6 4-3 RET,QF,15,4,102,56,40,21,13,11,13,0,55,71,50
107422,107422,Canada Masters,Hard,20130805,104527,28.3,105332,6-2 7-6(2),R32,3,4,67,41,30,8,10,4,8,0,61,73,36
107483,107483,Cincinnati Masters,Hard,20130811,104527,28.3,103990,7-5 3-6 6-3,R32,11,4,99,54,43,15,15,7,10,0,55,80,37
107672,107672,US Open,Hard,20130826,104527,28.4,104925,2-6 7-6(4) 3-6 6-3 6-4,SF,8,7,192,96,68,48,24,15,20,0,50,71,54
107785,107785,Kuala Lumpur,Hard,20130923,104527,28.4,103898,6-4 6-3,SF,0,1,59,37,20,10,10,1,6,0,63,54,48
107804,107804,Beijing,Hard,20130930,104527,28.5,105023,6-3 7-6(2),R16,3,4,65,36,25,14,11,1,4,0,55,69,56
107898,107898,Shanghai Masters,Hard,20131007,104527,28.5,104745,7-6(10) 6-1,QF,5,1,61,31,24,15,9,4,6,0,51,77,52
107986,107986,Basel,Hard,20131021,104527,28.5,104273,6-4 6-3,R32,3,5,57,20,13,21,10,3,6,0,35,65,66
108087,108087,Paris Masters,Hard,20131028,104527,28.5,104925,6-1 6-4,QF,3,2,50,33,20,7,8,5,8,0,66,61,47
108091,108091,Tour Finals,Hard,20131104,104527,28.6,104745,7-6(5) 7-6(6),RR,4,2,74,35,28,23,12,3,5,0,47,80,62
108103,108103,Tour Finals,Hard,20131104,104527,28.6,104925,6-3 6-3,SF,4,0,62,34,21,11,9,6,10,0,55,62,39
108156,108156,Chennai,Hard,20120102,104527,26.7,104424,6-4 6-4,QF,4,4,65,34,18,13,10,3,8,0,52,53,48
108353,108353,Australian Open,Hard,20120116,104527,26.8,104597,7-6(2) 6-2 6-4,R32,4,2,118,72,41,21,15,11,17,0,61,57,48
108569,108569,Buenos Aires,Clay,20120220,104527,26.8,104597,6-4 3-6 7-5,SF,8,1,97,57,40,23,16,4,7,0,59,70,59
108658,108658,Acapulco,Clay,20120227,104527,26.9,104269,6-3 6-3,SF,5,0,59,35,23,9,9,4,7,0,59,66,38
108790,108790,Indian Wells Masters,Hard,20120308,104527,26.9,104468,6-4 6-4,R32,4,2,91,59,39,12,10,10,13,0,65,66,40
109013,109013,Monte Carlo Masters,Clay,20120415,104527,27,104745,7-5 6-4,QF,5,3,70,37,26,16,11,4,7,0,53,70,53
109150,109150,Estoril,Clay,20120430,104527,27,105223,7-6(2) 6-4,SF,3,1,67,44,28,17,11,6,7,0,66,64,77
109220,109220,Madrid Masters,Clay,20120506,104527,27.1,104925,7-6(5) 6-4,R16,7,4,82,43,32,17,11,8,10,0,52,74,49
109278,109278,Rome Masters,Clay,20120513,104527,27.1,104312,6-7(1) 7-6(6) 7-6(6),R16,14,5,124,65,50,30,18,1,5,0,52,77,56
109456,109456,Roland Garros,Clay,20120527,104527,27.1,104542,6-4 7-6(6) 3-6 3-6 6-4,R16,4,2,174,110,78,28,25,8,13,0,63,71,45
109660,109660,Wimbledon,Grass,20120625,104527,27.2,103781,3-6 7-6(2) 2-6 6-4 8-6,R128,20,14,165,84,62,44,27,4,9,0,51,74,66
109889,109889,Gstaad,Clay,20120716,104527,27.3,103908,7-6(3) 7-6(8),R16,10,3,87,45,34,19,12,4,6,0,52,76,49
110010,110010,London Olympics,Grass,20120725,104527,27.3,104918,6-3 6-3,R64,5,4,77,35,24,20,9,10,13,0,45,69,53
110179,110179,Cincinnati Masters,Hard,20120812,104527,27.3,103819,7-6(4) 6-3,SF,6,2,83,46,32,19,11,8,10,0,55,70,54
110347,110347,US Open,Hard,20120827,104527,27.4,104925,6-4 6-1 3-1 RET,R16,5,3,57,23,15,12,10,1,5,0,40,65,39
110521,110521,Tokyo,Hard,20121001,104527,27.5,104918,6-2 3-6 6-2,QF,5,1,89,43,30,23,13,7,11,0,48,70,51
110567,110567,Shanghai Masters,Hard,20121007,104527,27.5,103819,4-6 7-6(4) 6-0,R16,7,1,92,45,29,22,14,5,9,0,49,64,48
110698,110698,Basel,Hard,20121022,104527,27.5,103786,7-6(7) 7-6(3),R32,7,2,95,47,33,25,12,5,7,0,49,70,54
110761,110761,Paris Masters,Hard,20121029,104527,27.5,103970,6-2 4-6 6-2,R16,4,3,87,52,32,15,13,9,14,0,60,62,47
110886,110886,Zagreb,Carpet,20060130,104527,20.8,102905,6-4 6-4,R16,3,4,72,41,29,13,10,5,8,0,57,71,48
110922,110922,Auckland,Hard,20060109,104527,20.7,104339,6-3 6-1,SF,1,4,54,21,11,14,8,1,6,0,39,52,48
111047,111047,Gstaad,Clay,20060710,104527,21.2,102318,6-4 1-6 7-6(4),R32,13,6,95,56,48,17,15,3,4,0,59,86,52
111247,111247,Stuttgart,Clay,20060717,104527,21.3,103970,6-3 6-4,R16,1,2,68,45,22,11,10,4,9,0,66,49,52
111317,111317,Basel,Carpet,20061023,104527,21.5,103602,6-4 6-4,SF,2,2,57,31,22,15,10,4,6,0,54,71,62
111396,111396,New Haven,Hard,20060821,104527,21.3,103387,7-6(2) 4-6 6-4,R32,4,4,98,54,46,20,16,5,8,0,55,85,50
111437,111437,Vienna,Hard,20061009,104527,21.5,103344,6-3 6-2,QF,2,1,51,29,19,10,8,2,5,0,57,66,48
111596,111596,Paris Masters,Carpet,20061030,104527,21.5,104755,7-5 6-1,R32,4,0,57,37,24,9,9,4,7,0,65,65,45
111766,111766,Miami Masters,Hard,20060320,104527,20.9,103602,3-6 6-2 7-6(1),R64,3,11,85,45,34,18,15,2,6,0,53,76,62
111833,111833,Indian Wells Masters,Hard,20060306,104527,20.9,103694,7-6(4) 7-5,R64,6,3,74,40,28,22,12,2,4,0,54,70,71
111944,111944,Monte Carlo Masters,Clay,20060417,104527,21,103035,6-2 6-4,R64,0,2,58,33,19,14,9,4,7,0,57,58,61
111998,111998,Hamburg Masters,Clay,20060515,104527,21.1,104312,2-6 7-6(4) 6-1,R64,10,5,86,47,35,19,13,4,6,0,55,74,56
112079,112079,Rome Masters,Clay,20060508,104527,21.1,103602,6-4 6-4,R64,1,2,57,30,21,6,10,2,7,0,53,70,24
112322,112322,Cincinnati Masters,Hard,20060814,104527,21.3,103602,7-6(2) 7-5,R16,7,6,88,48,33,18,12,4,6,0,55,69,53
112449,112449,Barcelona,Clay,20060424,104527,21,103990,6-4 6-4,SF,0,5,63,39,26,6,10,5,10,0,62,67,32
112609,112609,Doha,Hard,20060102,104527,20.7,103163,5-7 6-2 7-5,R32,4,8,116,62,39,26,16,10,15,0,53,63,57
112697,112697,Dubai,Hard,20060227,104527,20.9,103819,7-6(3) 6-3,R32,2,2,62,27,16,20,10,3,7,0,44,59,61
112797,112797,Halle,Grass,20060612,104527,21.2,104019,6-2 6-3,R32,5,4,58,24,14,16,9,2,6,0,41,58,53
112898,112898,Roland Garros,Clay,20060529,104527,21.1,103900,6-2 7-6(5) 6-4,R128,6,7,127,61,37,29,15,13,18,0,48,61,49
113139,113139,Wimbledon,Grass,20060626,104527,21.2,104339,7-6(5) 6-7(5) 6-1 6-3,R32,2,7,145,81,58,32,20,11,15,0,56,72,56
113275,113275,US Open,Hard,20060828,104527,21.4,103990,6-3 6-4 6-2,R32,2,5,95,52,32,16,14,11,19,0,55,62,42
113440,113440,Australian Open,Hard,20060116,104527,20.8,103900,6-4 3-6 6-4 6-2,R64,10,4,134,74,48,33,19,8,12,0,55,65,59
113553,113553,Nottingham,Grass,20060619,104527,21.2,104312,7-6(7) 4-6 6-4,R32,11,6,112,57,46,28,16,5,7,0,51,81,57
116789,116789,Australian Open,Hard,20160118,104527,30.8,105683,6-4 6-3 5-7 4-6 6-3,R16,9,9,171,99,70,37,25,10,15,0,58,71,59
117017,117017,Marseille,Hard,20160215,104527,30.8,105332,6-4 1-6 7-5,QF,9,2,79,44,36,19,15,4,7,0,56,82,58
117343,117343,Indian Wells Masters,Hard,20160307,104527,30.9,105676,6-3 5-7 7-6(5),R16,6,5,107,60,40,20,17,4,11,0,56,67,48
117392,117392,Miami Masters,Hard,20160321,104527,30.9,105723,6-4 6-3,R64,5,2,69,37,24,14,10,7,10,0,54,65,47
117548,117548,Monte Carlo Masters,Clay,20160411,104527,31,104745,6-1 6-4,QF,3,1,51,26,18,7,8,5,9,0,51,69,29
117744,117744,Madrid Masters,Clay,20160502,104527,31,106401,7-6(7) 7-6(2),R32,11,2,73,41,35,20,12,0,0,0,56,85,67
117806,117806,Rome Masters,Clay,20160509,104527,31.1,104338,6-7(5) 6-3 6-4,R16,8,3,94,46,31,22,15,3,8,0,49,67,49
117996,117996,Roland Garros,Clay,20160523,104527,31.1,104918,6-4 6-2 4-6 6-2,SF,1,2,106,63,43,22,18,10,15,0,59,68,54
118081,118081,Queen's Club,Grass,20160613,104527,31.2,104269,6-2 7-6(3),R32,3,3,64,34,23,18,10,4,6,0,53,68,67
118244,118244,Wimbledon,Grass,20160627,104527,31.2,105223,3-6 6-3 7-6(2) 6-3,R64,15,5,117,77,58,17,19,6,10,0,66,75,49
118621,118621,Canada Masters,Hard,20160725,104527,31.3,105453,7-6(6) 6-1,SF,5,2,72,32,19,20,9,6,9,0,44,59,53
118781,118781,Cincinnati Masters,Hard,20160815,104527,31.3,105777,6-4 6-4,R16,4,2,58,28,20,19,10,1,3,0,48,71,68
119072,119072,St. Petersburg,Hard,20160919,104527,31.4,100644,6-2 3-6 7-5,F,2,0,83,52,35,16,14,1,5,0,63,67,52
119229,119229,Shanghai Masters,Hard,20161010,104527,31.5,104468,6-4 6-4,R16,1,1,70,46,28,10,10,3,7,0,66,61,43
119350,119350,Basel,Hard,20161024,104527,31.5,104999,6-2 5-7 6-1,QF,1,2,97,58,37,16,14,4,10,0,60,64,43
119411,119411,Paris Masters,Hard,20161031,104527,31.5,105526,3-6 7-6(6) 7-6(1),R32,9,4,149,87,62,32,17,14,15,0,58,71,55
119438,119438,Tour Finals,Hard,20161114,104527,31.6,105453,6-2 6-3,RR,5,3,58,37,23,8,9,3,7,0,64,62,44
119441,119441,Tour Finals,Hard,20161114,104527,31.6,104918,6-4 6-2,RR,7,1,67,41,27,11,9,4,7,0,61,66,44
119473,119473,Brisbane,Hard,20170102,104527,31.7,105453,7-6(3) 6-3,SF,9,2,61,37,27,10,10,0,2,0,61,73,45
119707,119707,Australian Open,Hard,20170116,104527,31.8,103819,7-5 6-3 1-6 4-6 6-3,SF,10,2,135,89,56,32,23,5,9,0,66,63,73
120110,120110,Dubai,Hard,20170227,104527,31.9,106000,7-6(4) 6-3,R32,6,3,59,33,24,12,10,0,3,0,56,73,52
120260,120260,Indian Wells Masters,Hard,20170306,104527,31.9,103819,6-4 7-5,F,5,3,72,44,31,11,11,2,5,0,61,70,44
120347,120347,Miami Masters,Hard,20170320,104527,31.9,100644,4-6 6-2 6-1,R16,6,4,76,40,26,17,13,6,11,0,53,65,53
120523,120523,Monte Carlo Masters,Clay,20170417,104527,32,104655,6-4 6-4,R16,2,2,75,46,29,15,10,6,8,0,61,63,56
120720,120720,Madrid Masters,Clay,20170508,104527,32.1,105332,7-5 4-6 6-2,R32,7,2,89,62,41,12,15,5,10,0,70,66,48
120784,120784,Rome Masters,Clay,20170515,104527,32.1,104545,7-6(1) 6-4,R16,6,1,65,37,31,15,11,3,4,0,57,84,56
120974,120974,Roland Garros,Clay,20170529,104527,32.1,104745,6-2 6-3 6-1,F,1,0,86,50,26,16,12,7,13,0,58,52,44
121060,121060,Queen's Club,Grass,20170619,104527,32.2,103852,7-6(4) 7-5,R32,16,2,80,49,43,14,12,2,3,0,61,88,48
121160,121160,Wimbledon,Grass,20170703,104527,32.2,106421,6-4 3-6 6-4 6-1,R128,1,3,108,66,44,20,18,6,11,0,61,67,51
122498,122498,Gstaad,Clay,20030707,104527,18.2,103444,2-6 6-1 7-5,R32,0,6,80,52,35,12,13,4,8,0,65,67,55
122608,122608,Amersfoort,Clay,20030714,104527,18.2,103171,6-1 6-4,R16,1,0,54,39,20,7,8,3,7,0,72,51,47
122748,122748,Basel,Carpet,20031020,104527,18.5,102720,7-6(0) 7-6(5),R32,12,4,68,39,28,17,12,4,7,0,57,72,68
123932,123932,Umag,Clay,20030721,104527,18.3,103835,6-4 6-3,R16,2,4,63,35,21,11,9,5,9,0,56,60,46
125391,125391,Australian Open,Hard,20150119,104527,29.8,104925,7-6(1) 3-6 6-4 4-6 6-0,SF,10,4,158,94,60,33,24,10,17,0,59,64,55
125614,125614,Marseille,Hard,20150216,104527,29.8,104660,6-4 3-6 6-4,QF,6,0,110,68,50,23,15,8,10,0,62,74,55
125794,125794,Indian Wells Masters,Hard,20150312,104527,29.9,104898,6-3 3-6 6-3,R64,3,3,80,37,26,24,14,1,5,0,46,70,60
125904,125904,Miami Masters,Hard,20150325,104527,29.9,105173,7-6(4) 7-6(5),R32,3,7,91,43,30,23,12,5,8,0,47,70,56
126027,126027,Monte Carlo Masters,Clay,20150412,104527,30,105777,6-1 6-2,R16,0,0,47,34,16,6,8,4,9,0,72,47,46
126234,126234,Madrid Masters,Clay,20150503,104527,30,105777,7-6(5) 3-6 6-3,R16,7,2,83,50,43,18,15,3,5,0,60,86,58
126298,126298,Rome Masters,Clay,20150510,104527,30.1,103819,6-4 6-2,SF,4,2,45,27,19,6,9,2,6,0,60,70,38
126320,126320,Geneva,Clay,20150517,104527,30.1,105643,6-7(5) 6-4 6-4,QF,4,2,94,59,37,25,16,3,7,0,63,63,76
126587,126587,Queen's Club,Grass,20150615,104527,30.2,104731,7-6(4) 7-6(11),R16,11,3,94,58,46,18,12,3,3,0,62,79,55
126762,126762,Wimbledon,Grass,20150629,104527,30.2,104755,6-4 4-6 3-6 6-4 11-9,QF,22,1,163,99,77,35,30,4,9,0,61,78,56
127065,127065,Canada Masters,Hard,20150810,104527,30.3,106401,6-7(8) 6-3 4-0 RET,R32,2,3,84,43,35,17,12,4,8,0,51,81,45
127140,127140,Cincinnati Masters,Hard,20150816,104527,30.3,104925,6-4 6-1,QF,4,1,58,29,19,13,9,0,4,0,50,66,46
127318,127318,US Open,Hard,20150831,104527,30.4,103819,6-4 6-3 6-1,SF,6,1,78,38,22,20,13,6,11,0,49,58,51
127538,127538,Shanghai Masters,Hard,20151011,104527,30.5,104745,6-2 6-1,QF,3,3,49,23,14,10,7,5,9,0,47,61,43
127643,127643,Basel,Hard,20151026,104527,30.5,103333,3-6 7-6(2) 6-4,R32,6,3,93,50,41,23,16,4,6,0,54,82,57
127730,127730,Paris Masters,Hard,20151102,104527,30.5,104925,6-3 3-6 6-0,SF,7,1,74,49,29,13,12,9,14,0,66,59,54
127736,127736,Tour Finals,Hard,20151115,104527,30.6,104745,6-3 6-2,RR,10,3,72,43,26,10,8,11,15,0,60,60,38
127745,127745,Tour Finals,Hard,20151115,104527,30.6,103819,7-5 6-3,SF,6,2,63,39,27,10,10,3,6,0,62,69,45
134350,134350,Indian Wells Masters,Hard,20140306,104527,28.9,104731,7-6(1) 4-6 6-1,R16,5,2,89,38,28,23,15,5,10,0,43,74,47
134444,134444,Miami Masters,Hard,20140319,104527,28.9,105238,6-4 3-6 6-1,R16,4,7,94,43,28,26,13,2,6,0,46,65,59
134725,134725,Madrid Masters,Clay,20140504,104527,29.1,106233,1-6 6-2 6-4,R32,7,0,71,47,32,14,13,3,6,0,66,68,58
134786,134786,Rome Masters,Clay,20140511,104527,29.1,103163,5-7 6-2 6-3,R16,8,4,93,47,29,22,14,9,14,0,51,62,52
134869,134869,Roland Garros,Clay,20140526,104527,29.1,104198,6-4 5-7 6-2 6-0,R128,5,1,98,56,30,23,18,4,12,0,57,54,56
135056,135056,Queen's Club,Grass,20140609,104527,29.1,105777,6-2 6-4,SF,6,2,50,33,24,7,9,4,7,0,66,73,47
135238,135238,Wimbledon,Grass,20140623,104527,29.2,103819,3-6 7-6(5) 6-4 6-4,QF,9,1,124,74,57,31,21,5,7,0,60,77,63
135594,135594,Canada Masters,Hard,20140804,104527,29.3,104731,7-6(8) 7-5,R16,1,3,74,32,25,26,12,3,5,0,43,78,67
135656,135656,Cincinnati Masters,Hard,20140810,104527,29.3,103898,1-6 6-1 6-2,QF,8,0,69,36,25,15,11,5,9,0,52,69,45
135827,135827,US Open,Hard,20140825,104527,29.4,105453,3-6 7-5 7-6(7) 6-7(5) 6-4,QF,18,8,174,97,81,39,28,7,10,0,56,84,57
135945,135945,Tokyo,Hard,20140929,104527,29.5,105147,7-5 6-2,R32,5,1,57,32,23,8,10,0,4,0,56,72,33
136011,136011,Shanghai Masters,Hard,20141005,104527,29.5,104468,5-7 7-5 6-4,R32,12,3,95,58,46,16,17,7,11,0,61,79,47
136116,136116,Basel,Hard,20141020,104527,29.5,105062,6-4 6-7(1) 6-3,R32,3,4,97,48,38,26,15,6,10,0,49,79,58
136209,136209,Paris Masters,Hard,20141027,104527,29.5,104731,6-7(2) 7-5 7-6(3),R16,8,3,114,59,48,31,18,6,8,0,52,81,60
136219,136219,Tour Finals,Hard,20141109,104527,29.6,104925,6-3 6-0,RR,2,3,45,22,10,6,7,4,9,0,49,45,30
136231,136231,Tour Finals,Hard,20141109,104527,29.6,103819,4-6 7-5 7-6(6),SF,10,4,123,47,38,36,17,6,9,0,38,81,50
